first_name,last_name,slug_name,slug_url
Alma S.,Adams,alma-s-adams,https://www.opensecrets.org/members-of-congress/adams-alma/summary?cid=N00035451&cycle=2024
Robert B.,Aderholt,robert-b-aderholt,https://www.opensecrets.org/members-of-congress/aderholt-robert-b/summary?cid=N00003028&cycle=2024
Pete,Aguilar,pete-aguilar,https://www.opensecrets.org/members-of-congress/pete-aguilar/summary?cid=N00033997
Mark,Alford,mark-alford,https://www.opensecrets.org/members-of-congress/mark-alford/summary?cid=N00049617
Rick W.,Allen,rick-w-allen,https://www.opensecrets.org/members-of-congress/allen-richard-w/summary?cid=N00033720&cycle=2024
Angela D.,Alsobrooks,angela-d-alsobrooks,https://www.opensecrets.org/members-of-congress/angela-alsobrooks/summary?cid=N00053033&cycle=2024
Gabe,Amo,gabe-amo,https://www.opensecrets.org/members-of-congress/amo-gabe/summary?cid=N00052615&cycle=2024
Mark E.,Amodei,mark-e-amodei,https://www.opensecrets.org/members-of-congress/amodei-mark/summary?cid=N00031177&cycle=2024
Yassamin,Ansari,yassamin-ansari,https://www.opensecrets.org/campaign-expenditures/vendor?cycle=2024&vendor=Yassamin+Ansari+for+Congress
Jodey C.,Arrington,jodey-c-arrington,https://www.opensecrets.org/members-of-congress/arrington-jodey/summary?cid=N00038285&cycle=2024
Jake,Auchincloss,jake-auchincloss,https://www.opensecrets.org/members-of-congress/jake-auchincloss/summary?cid=N00045506
Brian,Babin,brian-babin,https://www.opensecrets.org/members-of-congress/brian-babin/summary?cid=N00005736
Don,Bacon,don-bacon,https://www.opensecrets.org/members-of-congress/bacon-donald-john/summary?cid=N00037049&cycle=2024
James R.,Baird,james-r-baird,https://www.opensecrets.org/members-of-congress/baird-jim/summary?cid=N00041954&cycle=2024
Troy,Balderson,troy-balderson,https://www.opensecrets.org/members-of-congress/troy-balderson/summary?cid=N00042194
Tammy,Baldwin,tammy-baldwin,https://www.opensecrets.org/members-of-congress/baldwin-tammy/summary?cid=N00004367&cycle=2024
Becca,Balint,becca-balint,https://www.opensecrets.org/members-of-congress/becca-balint/summary?cid=N00049900
Jim,Banks,jim-banks,https://www.opensecrets.org/members-of-congress/jim-banks/summary?cid=N00037185
Andy,Barr,andy-barr,https://www.opensecrets.org/members-of-congress/andy-barr/summary?cid=N00031233
Nanette Diaz,Barragán,nanette-diaz-barragn,https://www.opensecrets.org/members-of-congress/barragan-nanette/summary?cid=N00037019&cycle=2024
John,Barrasso,john-barrasso,https://www.opensecrets.org/members-of-congress/barrasso-john/summary?cid=N00006236&cycle=2024
Tom,Barrett,tom-barrett,https://www.opensecrets.org/members-of-congress/tom-barrett/summary?cid=N00049596
Michael,Baumgartner,michael-baumgartner,https://www.opensecrets.org/members-of-congress/bennet-michael/summary?cid=N00030608&cycle=2024
Aaron,Bean,aaron-bean,https://www.opensecrets.org/members-of-congress/aaron-bean/summary?cid=N00051369
Joyce,Beatty,joyce-beatty,https://www.opensecrets.org/members-of-congress/joyce-beatty/summary?cid=N00033904
Nicholas J.,Begich,nicholas-j-begich,
Wesley,Bell,wesley-bell,
Michael F.,Bennet,michael-f-bennet,https://www.opensecrets.org/members-of-congress/bennet-michael/summary?cid=N00030608&cycle=2024
Cliff,Bentz,cliff-bentz,https://www.opensecrets.org/members-of-congress/cliff-bentz/summary?cid=N00045773
Ami,Bera,ami-bera,https://www.opensecrets.org/members-of-congress/ami-bera/summary?cid=N00030717
Jack,Bergman,jack-bergman,https://www.opensecrets.org/members-of-congress/bergman-john/summary?cid=N00039533&cycle=2024
Donald S.,Beyer,donald-s-beyer,https://www.opensecrets.org/members-of-congress/beyer-don/summary?cid=N00036018&cycle=2024
Stephanie I.,Bice,stephanie-i-bice,https://www.opensecrets.org/members-of-congress/bice-stephanie/summary?cid=N00044579&cycle=2024
Andy,Biggs,andy-biggs,https://www.opensecrets.org/members-of-congress/andy-biggs/summary?cid=N00039293
Sheri,Biggs,sheri-biggs,https://www.opensecrets.org/members-of-congress/sheri-biggs/summary?cid=N00054222&cycle=2024
Gus M.,Bilirakis,gus-m-bilirakis,https://www.opensecrets.org/members-of-congress/bilirakis-gus/summary?cid=N00027462&cycle=2024
Sanford D.,Bishop,sanford-d-bishop,https://www.opensecrets.org/members-of-congress/bishop-sanford/summary?cid=N00002674&cycle=2024
Marsha,Blackburn,marsha-blackburn,https://www.opensecrets.org/members-of-congress/blackburn-marsha/summary?cid=N00003105&cycle=2024
Richard,Blumenthal,richard-blumenthal,https://www.opensecrets.org/members-of-congress/richard-blumenthal/summary?cid=N00031685
Lisa,Blunt Rochester,lisa-blunt-rochester,https://www.opensecrets.org/members-of-congress/lisa-blunt-rochester/summary?cid=N00038414&cycle=CAREER
Lauren,Boebert,lauren-boebert,https://www.opensecrets.org/members-of-congress/lauren-boebert/summary?cid=N00045974
Suzanne,Bonamici,suzanne-bonamici,https://www.opensecrets.org/members-of-congress/suzanne-bonamici/summary?cid=N00033474
Cory A.,Booker,cory-a-booker,https://www.opensecrets.org/members-of-congress/booker-cory/summary?cid=N00035267&cycle=2024
John,Boozman,john-boozman,https://www.opensecrets.org/members-of-congress/john-boozman/summary?cid=N00013873
Mike,Bost,mike-bost,https://www.opensecrets.org/members-of-congress/mike-bost/summary?cid=N00035420
Brendan F.,Boyle,brendan-f-boyle,https://www.opensecrets.org/members-of-congress/boyle-brendan/summary?cid=N00035307&cycle=2024
Josh,Brecheen,josh-brecheen,https://www.opensecrets.org/members-of-congress/josh-brecheen/summary?cid=N00051106
Robert P.,Bresnahan,robert-p-bresnahan,https://www.opensecrets.org/members-of-congress/summary?cid=N00053588&cycle=2024
Katie Boyd,Britt,katie-boyd-britt,https://www.opensecrets.org/members-of-congress/katie-britt/contributors?cid=N00048812&cycle=2024
Shontel M.,Brown,shontel-m-brown,https://www.opensecrets.org/members-of-congress/brown-shontel/summary?cid=N00047875&cycle=2024
Julia,Brownley,julia-brownley,https://www.opensecrets.org/members-of-congress/julia-brownley/summary?cid=N00034254
Vern,Buchanan,vern-buchanan,https://www.opensecrets.org/members-of-congress/buchanan-vernon/summary?cid=N00027626&cycle=2024
Ted,Budd,ted-budd,https://www.opensecrets.org/members-of-congress/ted-budd/summary?cid=N00039551
Nikki,Budzinski,nikki-budzinski,https://www.opensecrets.org/members-of-congress/nikki-budzinski/summary?cid=N00049102
Tim,Burchett,tim-burchett,https://www.opensecrets.org/members-of-congress/tim-burchett/summary?cid=N00041594
Eric,Burlison,eric-burlison,https://www.opensecrets.org/members-of-congress/eric-burlison/summary?cid=N00049123
Janelle S.,Bynum,janelle-s-bynum,https://www.opensecrets.org/campaign-expenditures/vendor?vendor=Janelle+Bynum+for+Congress&year=2024
Ken,Calvert,ken-calvert,https://www.opensecrets.org/members-of-congress/ken-calvert/summary?cid=N00007099
Kat,Cammack,kat-cammack,https://www.opensecrets.org/members-of-congress/kat-cammack/summary?cid=N00045978
Maria,Cantwell,maria-cantwell,https://www.opensecrets.org/members-of-congress/cantwell-maria/summary?cid=N00007836&cycle=2024
Shelley Moore,Capito,shelley-moore-capito,https://www.opensecrets.org/members-of-congress/capito-shelley-moore/summary?cid=N00009771&cycle=2024
Salud O.,Carbajal,salud-o-carbajal,https://www.opensecrets.org/members-of-congress/carbajal-salud/summary?cid=N00037015&cycle=2024
Mike,Carey,mike-carey,https://www.opensecrets.org/members-of-congress/mike-carey/summary?cid=N00048568
André,Carson,andre-carson,https://www.opensecrets.org/members-of-congress/andre-carson/summary?cid=N00029513
"Earl L. ""Buddy""",Carter,earl-l-buddy-carter,https://www.opensecrets.org/members-of-congress/carter-buddy/summary?cid=N00035346&cycle=2024
John R.,Carter,john-r-carter,https://www.opensecrets.org/members-of-congress/carter-john/summary?cid=N00025095&cycle=2024
Troy A.,Carter,troy-a-carter,https://www.opensecrets.org/members-of-congress/carter-troy/summary?cid=N00025766&cycle=2024
Greg,Casar,greg-casar,https://www.opensecrets.org/members-of-congress/greg-casar/summary?cid=N00049855
Ed,Case,ed-case,https://www.opensecrets.org/members-of-congress/ed-case/summary?cid=N00025882
Bill,Cassidy,bill-cassidy,https://www.opensecrets.org/members-of-congress/cassidy-bill/summary?cid=N00030245&cycle=2024
Sean,Casten,sean-casten,https://www.opensecrets.org/members-of-congress/sean-casten/summary?cid=N00041338
Kathy,Castor,kathy-castor,https://www.opensecrets.org/members-of-congress/kathy-castor/summary?cid=N00027514
Joaquin,Castro,joaquin-castro,https://www.opensecrets.org/members-of-congress/joaquin-castro/summary?cid=N00033316
Sheila,Cherfilus-McCormick,sheila-cherfilus-mccormick,https://www.opensecrets.org/members-of-congress/sheila-cherfilus-mccormick/summary?cid=N00043504
Judy,Chu,judy-chu,https://www.opensecrets.org/members-of-congress/judy-chu/summary?cid=N00030600
Juan,Ciscomani,juan-ciscomani,https://www.opensecrets.org/members-of-congress/juan-ciscomani/summary?cid=N00049039
Gilbert Ray,Cisneros,gilbert-ray-cisneros,https://www.opensecrets.org/members-of-congress/gil-cisneros/summary?cid=N00041464
Katherine M.,Clark,katherine-m-clark,https://www.opensecrets.org/members-of-congress/clark-katherine/summary?cid=N00035278&cycle=2024
Yvette D.,Clarke,yvette-d-clarke,https://www.opensecrets.org/members-of-congress/clarke-yvette/summary?cid=N00026961&cycle=2024
Emanuel,Cleaver,emanuel-cleaver,https://www.opensecrets.org/members-of-congress/emanuel-cleaver/summary?cid=N00026790
Ben,Cline,ben-cline,https://www.opensecrets.org/members-of-congress/ben-cline/summary?cid=N00042296
Michael,Cloud,michael-cloud,https://www.opensecrets.org/members-of-congress/michael-cloud/summary?cid=N00041882
James E.,Clyburn,james-e-clyburn,https://www.opensecrets.org/members-of-congress/clyburn-james-e/summary?cid=N00002408&cycle=2024
Andrew S.,Clyde,andrew-s-clyde,https://www.opensecrets.org/members-of-congress/clyde-andrew/summary?cid=N00046654&cycle=2024
Steve,Cohen,steve-cohen,https://www.opensecrets.org/members-of-congress/steve-cohen/summary?cid=N00003225
Tom,Cole,tom-cole,https://www.opensecrets.org/members-of-congress/tom-cole/summary?cid=N00025726
Mike,Collins,mike-collins,https://www.opensecrets.org/members-of-congress/mike-collins/summary?cid=N00035370
Susan M.,Collins,susan-m-collins,https://www.opensecrets.org/members-of-congress/collins-susan-m/summary?cid=N00000491&cycle=2024
James,Comer,james-comer,https://www.opensecrets.org/members-of-congress/james-comer/summary?cid=N00038260
Herbert C.,Conaway,herbert-c-conaway,https://www.opensecrets.org/officeholders/herbert-c-conaway-jr/summary?cycle=2024&id=6389645
Gerald E.,Connolly,gerald-e-connolly,https://www.opensecrets.org/members-of-congress/gerry-connolly/summary?cid=N00029891
Christopher A.,Coons,christopher-a-coons,https://www.opensecrets.org/members-of-congress/chris-coons/summary?cid=N00031820
John,Cornyn,john-cornyn,https://www.opensecrets.org/members-of-congress/cornyn-john/summary?cid=N00024852&cycle=2024
J. Luis,Correa,j-luis-correa,https://www.opensecrets.org/members-of-congress/correa-lou/summary?cid=N00037260&cycle=2024
Catherine,Cortez Masto,catherine-cortez-masto,https://www.opensecrets.org/members-of-congress/catherine-cortez-masto/summary?cid=N00037161
Jim,Costa,jim-costa,https://www.opensecrets.org/members-of-congress/jim-costa/summary?cid=N00026341
Tom,Cotton,tom-cotton,https://www.opensecrets.org/members-of-congress/cotton-tom/summary?cid=N00033363&cycle=2024
Joe,Courtney,joe-courtney,https://www.opensecrets.org/members-of-congress/joe-courtney/summary?cid=N00024842
Angie,Craig,angie-craig,https://www.opensecrets.org/members-of-congress/angie-craig/summary?cid=N00037039
Kevin,Cramer,kevin-cramer,https://www.opensecrets.org/members-of-congress/cramer-kevin/summary?cid=N00004614&cycle=2024
Elijah,Crane,elijah-crane,https://www.opensecrets.org/members-of-congress/crane-eli/summary?cid=N00048953&cycle=2024
Jeff,Crank,jeff-crank,https://www.opensecrets.org/members-of-congress/jeffrey-g-crank/summary?cid=N00028132&cycle=2024
Mike,Crapo,mike-crapo,https://www.opensecrets.org/members-of-congress/mike-crapo/summary?cid=N00006267
"Eric A. ""Rick""",Crawford,eric-a-rick-crawford,https://www.opensecrets.org/members-of-congress/crawford-rick/summary?cid=N00030770&cycle=2024
Dan,Crenshaw,dan-crenshaw,https://www.opensecrets.org/members-of-congress/dan-crenshaw/summary?cid=N00042224
Jasmine,Crockett,jasmine-crockett,https://www.opensecrets.org/members-of-congress/jasmine-crockett/summary?cid=N00049840
Jason,Crow,jason-crow,https://www.opensecrets.org/members-of-congress/jason-crow/summary?cid=N00040876
Ted,Cruz,ted-cruz,https://www.opensecrets.org/members-of-congress/cruz-ted/summary?cid=N00033085&cycle=2024
Henry,Cuellar,henry-cuellar,https://www.opensecrets.org/members-of-congress/henry-cuellar/summary?cid=N00024978
John R.,Curtis,john-r-curtis,https://www.opensecrets.org/members-of-congress/curtis-john/summary?cid=N00041221&cycle=2024
Steve,Daines,steve-daines,https://www.opensecrets.org/members-of-congress/daines-steven/summary?cid=N00033054&cycle=2024
Sharice,Davids,sharice-davids,https://www.opensecrets.org/members-of-congress/sharice-davids/summary?cid=N00042626
Warren,Davidson,warren-davidson,https://www.opensecrets.org/members-of-congress/warren-davidson/summary?cid=N00038767
Danny K.,Davis,danny-k-davis,https://www.opensecrets.org/members-of-congress/davis-danny-k/summary?cid=N00004884&cycle=2024
Donald G.,Davis,donald-g-davis,https://www.opensecrets.org/members-of-congress/davis-don/summary?cid=N00049636&cycle=2024
Monica,De La Cruz,monica-de-la-cruz,https://www.opensecrets.org/members-of-congress/monica-de-la-cruz/summary?cid=N00045793
Madeleine,Dean,madeleine-dean,https://www.opensecrets.org/members-of-congress/madeleine-dean/summary?cid=N00042894
Diana,DeGette,diana-degette,https://www.opensecrets.org/members-of-congress/diana-degette/summary?cid=N00006134
Rosa L.,DeLauro,rosa-l-delauro,https://www.opensecrets.org/members-of-congress/delauro-rosa/summary?cid=N00000615&cycle=2024
Suzan K.,DelBene,suzan-k-delbene,https://www.opensecrets.org/members-of-congress/delbene-suzan/summary?cid=N00030693&cycle=2024
Christopher R.,Deluzio,christopher-r-deluzio,https://www.opensecrets.org/members-of-congress/deluzio-christopher/summary?cid=N00049160&cycle=2024
Mark,DeSaulnier,mark-desaulnier,https://www.opensecrets.org/members-of-congress/mark-desaulnier/summary?cid=N00030709
Scott,DesJarlais,scott-desjarlais,https://www.opensecrets.org/members-of-congress/scott-desjarlais/summary?cid=N00030957
Maxine,Dexter,maxine-dexter,https://www.opensecrets.org/members-of-congress/maxine-dexter/summary?cid=N00054144&cycle=2024
Mario,Diaz-Balart,mario-diaz-balart,https://www.opensecrets.org/members-of-congress/mario-diaz-balart/summary?cid=N00025337
Debbie,Dingell,debbie-dingell,https://www.opensecrets.org/members-of-congress/debbie-dingell/summary?cid=N00036149
Lloyd,Doggett,lloyd-doggett,https://www.opensecrets.org/members-of-congress/lloyd-doggett/summary?cid=N00006023
Byron,Donalds,byron-donalds,https://www.opensecrets.org/members-of-congress/byron-donalds/summary?cid=N00034016
Troy,Downing,troy-downing,https://www.opensecrets.org/members-of-congress/summary?cid=N00041283&cycle=2024
Tammy,Duckworth,tammy-duckworth,https://www.opensecrets.org/members-of-congress/tammy-duckworth/summary?cid=N00027860
Neal P.,Dunn,neal-p-dunn,https://www.opensecrets.org/members-of-congress/dunn-neal/summary?cid=N00037442&cycle=2024
Richard J.,Durbin,richard-j-durbin,https://www.opensecrets.org/members-of-congress/durbin-dick/summary?cid=N00004981&cycle=2024
Chuck,Edwards,chuck-edwards,https://www.opensecrets.org/members-of-congress/chuck-edwards/summary?cid=N00049670
Sarah,Elfreth,sarah-elfreth,https://www.opensecrets.org/members-of-congress/sarah-kelly-elfreth/summary?cid=N00053710&cycle=2024
Jake,Ellzey,jake-ellzey,https://www.opensecrets.org/members-of-congress/jake-ellzey/summary?cid=N00042243
Tom,Emmer,tom-emmer,https://www.opensecrets.org/members-of-congress/tom-emmer/summary?cid=N00035440
Joni,Ernst,joni-ernst,https://www.opensecrets.org/members-of-congress/ernst-joni/summary?cid=N00035483&cycle=2024
Veronica,Escobar,veronica-escobar,https://www.opensecrets.org/members-of-congress/veronica-escobar/summary?cid=N00041702
Adriano,Espaillat,adriano-espaillat,https://www.opensecrets.org/members-of-congress/adriano-espaillat/summary?cid=N00034549
Ron,Estes,ron-estes,https://www.opensecrets.org/members-of-congress/ron-estes/summary?cid=N00040712
Dwight,Evans,dwight-evans,https://www.opensecrets.org/members-of-congress/dwight-evans/summary?cid=N00038450
Gabe,Evans,gabe-evans,https://www.opensecrets.org/members-of-congress/timothy-gabriel-joseph-evans/summary?cid=N00053312&cycle=2024
Mike,Ezell,mike-ezell,https://www.opensecrets.org/members-of-congress/mike-ezell/summary?cid=N00048240
Pat,Fallon,pat-fallon,https://www.opensecrets.org/members-of-congress/fallon-patrick/summary?cid=N00047264&cycle=2024
Julie,Fedorchak,julie-fedorchak,https://www.opensecrets.org/members-of-congress/julie-fedorchak/summary?cid=N00054800&cycle=2024
Randy,Feenstra,randy-feenstra,https://www.opensecrets.org/members-of-congress/randy-feenstra/summary?cid=N00044011
John,Fetterman,john-fetterman,https://www.opensecrets.org/members-of-congress/john-fetterman/summary?cid=N00038201
Cleo,Fields,cleo-fields,https://www.opensecrets.org/members-of-congress/cleo-fields/summary?cid=N00005398&cycle=2024
Shomari,Figures,shomari-figures,https://www.opensecrets.org/members-of-congress/shomari-c-figures/summary?cid=N00053909&cycle=2024
Randy,Fine,randy-fine,https://www.opensecrets.org/officeholders/randy-fine/summary?cycle=2021&id=41676813
Brad,Finstad,brad-finstad,https://www.opensecrets.org/members-of-congress/brad-finstad/summary?cid=N00050649
Michelle,Fischbach,michelle-fischbach,https://www.opensecrets.org/members-of-congress/michelle-fischbach/summary?cid=N00045251
Deb,Fischer,deb-fischer,https://www.opensecrets.org/members-of-congress/fischer-deb/summary?cid=N00033443&cycle=2024
Scott,Fitzgerald,scott-fitzgerald,https://www.opensecrets.org/members-of-congress/scott-fitzgerald/summary?cid=N00045434
Brian K.,Fitzpatrick,brian-k-fitzpatrick,https://www.opensecrets.org/members-of-congress/fitzpatrick-brian/summary?cid=N00038779&cycle=2024
"Charles J. """"Chuck""""""",Fleischmann,charles-j-chuck-fleischmann,https://www.opensecrets.org/members-of-congress/chuck-fleischmann/summary?cid=N00030815
Lizzie,Fletcher,lizzie-fletcher,https://www.opensecrets.org/members-of-congress/lizzie-fletcher/summary?cid=N00041194
Mike,Flood,mike-flood,https://www.opensecrets.org/members-of-congress/mike-flood/summary?cid=N00050145
Vince,Fong,vince-fong,https://www.opensecrets.org/members-of-congress/fong-vince/summary?cid=N00054216&cycle=2024
Bill,Foster,bill-foster,https://www.opensecrets.org/members-of-congress/bill-foster/summary?cid=N00029139
Valerie P.,Foushee,valerie-p-foushee,https://www.opensecrets.org/members-of-congress/valerie-foushee/summary?cid=N00049652
Virginia,Foxx,virginia-foxx,https://www.opensecrets.org/members-of-congress/virginia-foxx/summary?cid=N00026166
Lois,Frankel,lois-frankel,https://www.opensecrets.org/members-of-congress/lois-frankel/summary?cid=N00002893
Scott,Franklin,scott-franklin,https://www.opensecrets.org/members-of-congress/scott-franklin/summary?cid=N00046760
Laura,Friedman,laura-friedman,https://www.opensecrets.org/members-of-congress/fleischmann-chuck/summary?cid=N00030815&cycle=2024
Maxwell,Frost,maxwell-frost,https://www.opensecrets.org/members-of-congress/maxwell-frost/summary?cid=N00049075
Russell,Fry,russell-fry,https://www.opensecrets.org/members-of-congress/russell-fry/summary?cid=N00049165
Russ,Fulcher,russ-fulcher,https://www.opensecrets.org/members-of-congress/russ-fulcher/summary?cid=N00041335
Ruben,Gallego,ruben-gallego,https://www.opensecrets.org/members-of-congress/ruben-gallego/summary?cid=N00036097
John,Garamendi,john-garamendi,https://www.opensecrets.org/members-of-congress/john-garamendi/summary?cid=N00030856
Andrew R.,Garbarino,andrew-r-garbarino,https://www.opensecrets.org/members-of-congress/garbarino-andrew/summary?cid=N00046030&cycle=2024
Robert,Garcia,robert-garcia,https://www.opensecrets.org/members-of-congress/robert-garcia/summary?cid=N00049470
Sylvia R.,Garcia,sylvia-r-garcia,https://www.opensecrets.org/members-of-congress/garcia-sylvia/summary?cid=N00042282&cycle=2024
"Jesus G. """"Chuy""""""",García,jess-g-chuy-garca,https://www.opensecrets.org/members-of-congress/jesus-garcia/summary?cid=N00042114
Brandon,Gill,brandon-gill,https://www.opensecrets.org/members-of-congress/brandon-gill/summary?cid=N00054402&cycle=2024
Laura,Gillen,laura-gillen,https://www.opensecrets.org/members-of-congress/laura-gillen/summary?cid=N00050425
Kirsten E.,Gillibrand,kirsten-e-gillibrand,https://www.opensecrets.org/members-of-congress/gillibrand-kirsten/summary?cid=N00027658&cycle=2024
Carlos A.,Gimenez,carlos-a-gimenez,https://www.opensecrets.org/members-of-congress/gimenez-carlos/summary?cid=N00046394&cycle=2024
Jared F.,Golden,jared-f-golden,https://www.opensecrets.org/members-of-congress/golden-jared/summary?cid=N00041668&cycle=2024
Craig A.,Goldman,craig-a-goldman,https://www.opensecrets.org/officeholders/craig-goldman/summary?cycle=2023&id=11022498
Daniel S.,Goldman,daniel-s-goldman,https://www.opensecrets.org/members-of-congress/goldman-dan/summary?cid=N00051424&cycle=2024
Jimmy,Gomez,jimmy-gomez,https://www.opensecrets.org/members-of-congress/jimmy-gomez/summary?cid=N00040597
Tony,Gonzales,tony-gonzales,https://www.opensecrets.org/members-of-congress/tony-gonzales/summary?cid=N00044592
Vicente,Gonzalez,vicente-gonzalez,https://www.opensecrets.org/members-of-congress/vicente-gonzalez/summary?cid=N00038809
Lance,Gooden,lance-gooden,https://www.opensecrets.org/members-of-congress/lance-gooden/summary?cid=N00042237
Maggie,Goodlander,maggie-goodlander,https://www.opensecrets.org/members-of-congress/maggie-goodlander/summary?cid=N00055218&cycle=2024
Paul A.,Gosar,paul-a-gosar,https://www.opensecrets.org/members-of-congress/gosar-paul/summary?cid=N00030771&cycle=2024
Josh,Gottheimer,josh-gottheimer,https://www.opensecrets.org/members-of-congress/josh-gottheimer/summary?cid=N00036944
Lindsey,Graham,lindsey-graham,https://www.opensecrets.org/members-of-congress/graham-lindsey/summary?cid=N00009975&cycle=2024
Chuck,Grassley,chuck-grassley,https://www.opensecrets.org/members-of-congress/chuck-grassley/summary?cid=N00001758
Sam,Graves,sam-graves,https://www.opensecrets.org/members-of-congress/sam-graves/summary?cid=N00013323
Adam,Gray,adam-gray,https://www.opensecrets.org/members-of-congress/adam-gray/summary?cid=N00050061
Al,Green,al-green,https://www.opensecrets.org/members-of-congress/al-green/summary?cid=N00026686
Mark E.,Green,mark-e-green,https://www.opensecrets.org/members-of-congress/green-mark/summary?cid=N00041873&cycle=2024
Marjorie Taylor,Greene,marjorie-taylor-greene,https://www.opensecrets.org/members-of-congress/marjorie-taylor-greene/summary?cid=N00044701
H. Morgan,Griffith,h-morgan-griffith,https://www.opensecrets.org/members-of-congress/griffith-morgan/summary?cid=N00032029&cycle=2024
Raúl M.,Grijalva,ral-m-grijalva,https://www.opensecrets.org/members-of-congress/grijalva-raul-m/summary?cid=N00025284&cycle=2024
Glenn,Grothman,glenn-grothman,https://www.opensecrets.org/members-of-congress/glenn-grothman/summary?cid=N00036409
Michael,Guest,michael-guest,https://www.opensecrets.org/members-of-congress/michael-guest/summary?cid=N00042458
Brett,Guthrie,brett-guthrie,https://www.opensecrets.org/members-of-congress/brett-guthrie/summary?cid=N00029675
Harriet M.,Hageman,harriet-m-hageman,https://www.opensecrets.org/members-of-congress/hageman-harriet/summary?cid=N00049197&cycle=2024
Bill,Hagerty,bill-hagerty,https://www.opensecrets.org/members-of-congress/hagerty-bill/summary?cid=N00045369&cycle=2024
Abraham J.,Hamadeh,abraham-j-hamadeh,https://www.opensecrets.org/members-of-congress/industries?cid=N00053795&cycle=2024
Josh,Harder,josh-harder,https://www.opensecrets.org/members-of-congress/josh-harder/summary?cid=N00040853
Mike,Haridopolos,mike-haridopolos,https://www.opensecrets.org/officeholders/mike-haridopolos/contributors?cycle=2009&id=2046887
Pat,Harrigan,pat-harrigan,https://www.opensecrets.org/members-of-congress/pat-harrigan/summary?cid=N00050144
Andy,Harris,andy-harris,https://www.opensecrets.org/members-of-congress/andy-harris/summary?cid=N00029147
Mark,Harris,mark-harris,https://www.opensecrets.org/campaign-expenditures/vendor?year=2024&vendor=Mark%20Harris%20for%20Congress
Diana,Harshbarger,diana-harshbarger,https://www.opensecrets.org/members-of-congress/diana-harshbarger/summary?cid=N00046688
Margaret Wood,Hassan,margaret-wood-hassan,https://www.opensecrets.org/members-of-congress/hassan-maggie/summary?cid=N00038397&cycle=2024
Josh,Hawley,josh-hawley,https://www.opensecrets.org/members-of-congress/hawley-josh/summary?cid=N00041620&cycle=2024
Jahana,Hayes,jahana-hayes,https://www.opensecrets.org/members-of-congress/jahana-hayes/summary?cid=N00043421
Martin,Heinrich,martin-heinrich,https://www.opensecrets.org/members-of-congress/heinrich-martin/summary?cid=N00029835&cycle=2024
Kevin,Hern,kevin-hern,https://www.opensecrets.org/members-of-congress/kevin-hern/summary?cid=N00040829
Pablo Jose,Hernández,pablo-jose-hernandez,
John W.,Hickenlooper,john-w-hickenlooper,https://www.opensecrets.org/members-of-congress/hickenlooper-john/summary?cid=N00044206&cycle=2024
Clay,Higgins,clay-higgins,https://www.opensecrets.org/members-of-congress/clay-higgins/summary?cid=N00039953
J. French,Hill,j-french-hill,https://www.opensecrets.org/members-of-congress/hill-french/summary?cid=N00035792&cycle=2024
James A.,Himes,james-a-himes,https://www.opensecrets.org/members-of-congress/himes-jim/summary?cid=N00029070&cycle=2024
Ashley,Hinson,ashley-hinson,https://www.opensecrets.org/members-of-congress/ashley-hinson/summary?cid=N00044521
Mazie K.,Hirono,mazie-k-hirono,https://www.opensecrets.org/members-of-congress/hirono-mazie-k/summary?cid=N00028139&cycle=2024
John,Hoeven,john-hoeven,https://www.opensecrets.org/members-of-congress/john-hoeven/summary?cid=N00031688
Steven,Horsford,steven-horsford,https://www.opensecrets.org/members-of-congress/steven-horsford/summary?cid=N00033638
Erin,Houchin,erin-houchin,https://www.opensecrets.org/members-of-congress/erin-houchin/summary?cid=N00037427
Chrissy,Houlahan,chrissy-houlahan,https://www.opensecrets.org/members-of-congress/chrissy-houlahan/summary?cid=N00040949
Steny H.,Hoyer,steny-h-hoyer,https://www.opensecrets.org/members-of-congress/hoyer-steny-h/summary?cid=N00001821&cycle=2024
Val T.,Hoyle,val-t-hoyle,https://www.opensecrets.org/members-of-congress/hoyle-val/summary?cid=N00049734&cycle=2024
Richard,Hudson,richard-hudson,https://www.opensecrets.org/members-of-congress/richard-hudson/summary?cid=N00033630
Jared,Huffman,jared-huffman,https://www.opensecrets.org/members-of-congress/jared-huffman/summary?cid=N00033030
Bill,Huizenga,bill-huizenga,https://www.opensecrets.org/members-of-congress/bill-huizenga/summary?cid=N00030673
Wesley,Hunt,wesley-hunt,https://www.opensecrets.org/members-of-congress/wesley-hunt/summary?cid=N00044362
Jeff,Hurd,jeff-hurd,https://www.opensecrets.org/campaign-expenditures/vendor?vendor=Jeff+Hurd+for+Congress&year=2024
Jon,Husted,jon-husted,https://www.opensecrets.org/officeholders/jon-husted/contributors?cycle=2024&id=2753619
Cindy,Hyde-Smith,cindy-hyde-smith,https://www.opensecrets.org/members-of-congress/hyde-smith-cindy/summary?cid=N00043298&cycle=2024
Darrell,Issa,darrell-issa,https://www.opensecrets.org/members-of-congress/darrell-issa/summary?cid=N00007017
Glenn,Ivey,glenn-ivey,https://www.opensecrets.org/members-of-congress/glenn-ivey/summary?cid=N00033749
Brian,Jack,brian-jack,https://www.opensecrets.org/members-of-congress/brian-jack/summary?cid=N00055118&cycle=2024
Jonathan L.,Jackson,jonathan-l-jackson,https://www.opensecrets.org/campaign-expenditures/vendor?cycle=2024&vendor=Jonathan+Jackson+for+Congress
Ronny,Jackson,ronny-jackson,https://www.opensecrets.org/members-of-congress/ronny-jackson/summary?cid=N00046055
Sara,Jacobs,sara-jacobs,https://www.opensecrets.org/members-of-congress/sara-jacobs/summary?cid=N00042081
John,James,john-james,https://www.opensecrets.org/members-of-congress/john-james/summary?cid=N00041550
Pramila,Jayapal,pramila-jayapal,https://www.opensecrets.org/members-of-congress/pramila-jayapal/summary?cid=N00038858
Hakeem S.,Jeffries,hakeem-s-jeffries,https://www.opensecrets.org/members-of-congress/jeffries-hakeem/summary?cid=N00033640&cycle=2024
Dusty,Johnson,dusty-johnson,https://www.opensecrets.org/members-of-congress/dusty-johnson/summary?cid=N00040559
"Henry C. ""Hank""",Johnson,henry-c-hank-johnson,https://www.opensecrets.org/members-of-congress/johnson-hank/summary?cid=N00027848&cycle=2024
Julie,Johnson,julie-johnson,https://www.opensecrets.org/members-of-congress/julie-johnson/summary?cid=N00052806&cycle=2024
Mike,Johnson,mike-johnson,https://www.opensecrets.org/members-of-congress/mike-johnson/summary?cid=N00039106
Ron,Johnson,ron-johnson,https://www.opensecrets.org/members-of-congress/ron-johnson/summary?cid=N00032546
Jim,Jordan,jim-jordan,https://www.opensecrets.org/members-of-congress/jim-jordan/summary?cid=N00027894
David P.,Joyce,david-p-joyce,https://www.opensecrets.org/members-of-congress/joyce-david-p/summary?cid=N00035007&cycle=2024
John,Joyce,john-joyce,https://www.opensecrets.org/members-of-congress/john-joyce/summary?cid=N00043242
James C.,Justice,james-c-justice,
Tim,Kaine,tim-kaine,https://www.opensecrets.org/members-of-congress/kaine-tim/summary?cid=N00033177&cycle=2024
Sydney!,Kamlager-Dove,sydney,https://www.opensecrets.org/members-of-congress/kamlager-sydney/summary?cid=N00049460&cycle=2024
Marcy,Kaptur,marcy-kaptur,https://www.opensecrets.org/members-of-congress/marcy-kaptur/summary?cid=N00003522
Thomas H.,Kean,thomas-h-kean,https://www.opensecrets.org/members-of-congress/kean-thomas-h-jr/summary?cid=N00027502&cycle=2024
William R.,Keating,william-r-keating,https://www.opensecrets.org/members-of-congress/keating-bill/summary?cid=N00031933&cycle=2024
Mark,Kelly,mark-kelly,https://www.opensecrets.org/members-of-congress/mark-kelly/summary?cid=N00044223
Mike,Kelly,mike-kelly,https://www.opensecrets.org/members-of-congress/mike-kelly/summary?cid=N00031647
Robin L.,Kelly,robin-l-kelly,https://www.opensecrets.org/members-of-congress/kelly-robin/summary?cid=N00035215&cycle=2024
Trent,Kelly,trent-kelly,https://www.opensecrets.org/members-of-congress/trent-kelly/summary?cid=N00037003
John,Kennedy,john-kennedy,https://www.opensecrets.org/members-of-congress/john-kennedy/summary?cid=N00026823
Mike,Kennedy,mike-kennedy,https://www.opensecrets.org/members-of-congress/mike-kennedy/industries?cid=N00043086&cycle=2024
Timothy M.,Kennedy,timothy-m-kennedy,https://www.opensecrets.org/members-of-congress/kennedy-timothy/summary?cid=N00054366&cycle=2024
Ro,Khanna,ro-khanna,https://www.opensecrets.org/members-of-congress/ro-khanna/summary?cid=N00026427
Jennifer A.,Kiggans,jennifer-a-kiggans,https://www.opensecrets.org/members-of-congress/jen-kiggans/summary?cid=N00048315&cycle=2024
Kevin,Kiley,kevin-kiley,https://www.opensecrets.org/members-of-congress/kevin-kiley/summary?cid=N00050259
Andy,Kim,andy-kim,https://www.opensecrets.org/members-of-congress/andy-kim/summary?cid=N00041370
Young,Kim,young-kim,https://www.opensecrets.org/members-of-congress/young-kim/summary?cid=N00042386
"Angus S., Jr.",King,angus-s-jr-king,https://www.opensecrets.org/members-of-congress/king-angus/summary?cid=N00034580&cycle=2024
kim,King-Hinds,kim-king-hinds,
Amy,Klobuchar,amy-klobuchar,https://www.opensecrets.org/members-of-congress/klobuchar-amy/summary?cid=N00027500&cycle=2024
Brad,Knott,brad-knott,https://www.opensecrets.org/members-of-congress/brad-knott/summary?cid=N00053743&cycle=2024
Raja,Krishnamoorthi,raja-krishnamoorthi,https://www.opensecrets.org/members-of-congress/raja-krishnamoorthi/summary?cid=N00033240
David,Kustoff,david-kustoff,https://www.opensecrets.org/members-of-congress/david-kustoff/summary?cid=N00025445
Darin,LaHood,darin-lahood,https://www.opensecrets.org/members-of-congress/darin-lahood/summary?cid=N00037031
Nick,LaLota,nick-lalota,https://www.opensecrets.org/members-of-congress/nick-lalota/summary?cid=N00050419
Doug,LaMalfa,doug-lamalfa,https://www.opensecrets.org/members-of-congress/doug-lamalfa/summary?cid=N00033987
Greg,Landsman,greg-landsman,https://www.opensecrets.org/members-of-congress/greg-landsman/summary?cid=N00049718
Nicholas A.,Langworthy,nicholas-a-langworthy,https://www.opensecrets.org/members-of-congress/langworthy-nick/summary?cid=N00051431&cycle=2024
James,Lankford,james-lankford,https://www.opensecrets.org/members-of-congress/james-lankford/summary?cid=N00031129
Rick,Larsen,rick-larsen,https://www.opensecrets.org/members-of-congress/rick-larsen/summary?cid=N00009759
John B.,Larson,john-b-larson,https://www.opensecrets.org/members-of-congress/larson-john/summary?cid=N00000575&cycle=2024
George,Latimer,george-latimer,https://www.opensecrets.org/campaign-expenditures/vendor?cycle=2024&vendor=George+Latimer+for+Congress
Robert E.,Latta,robert-e-latta,https://www.opensecrets.org/members-of-congress/bob-latta/summary?cid=N00012233
Michael,Lawler,michael-lawler,https://www.opensecrets.org/members-of-congress/mike-lawler/summary?cid=N00051208
Laurel M.,Lee,laurel-m-lee,https://www.opensecrets.org/members-of-congress/lee-laurel/summary?cid=N00051178&cycle=2024
Mike,Lee,mike-lee,https://www.opensecrets.org/members-of-congress/mike-lee/summary?cid=N00031696
Summer L.,Lee,summer-l-lee,https://www.opensecrets.org/members-of-congress/lee-summer/summary?cid=N00049757&cycle=2024
Susie,Lee,susie-lee,https://www.opensecrets.org/members-of-congress/susie-lee/summary?cid=N00037247
Teresa,Leger Fernandez,teresa-leger-fernandez,https://www.opensecrets.org/members-of-congress/teresa-leger-fernandez/summary?cid=N00044559
Julia,Letlow,julia-letlow,https://www.opensecrets.org/members-of-congress/julia-letlow/summary?cid=N00047972
Mike,Levin,mike-levin,https://www.opensecrets.org/members-of-congress/mike-levin/summary?cid=N00040667
Sam T.,Liccardo,sam-t-liccardo,https://www.opensecrets.org/members-of-congress/sam-t-liccardo/pacs?cid=N00054265&cycle=2024
Ted,Lieu,ted-lieu,https://www.opensecrets.org/members-of-congress/ted-lieu/summary?cid=N00035825
Zoe,Lofgren,zoe-lofgren,https://www.opensecrets.org/members-of-congress/zoe-lofgren/summary?cid=N00007479
Barry,Loudermilk,barry-loudermilk,https://www.opensecrets.org/members-of-congress/barry-loudermilk/summary?cid=N00035347
Frank D.,Lucas,frank-d-lucas,https://www.opensecrets.org/members-of-congress/lucas-frank-d/summary?cid=N00005559&cycle=2024
Ben Ray,Luján,ben-ray-lujan,https://www.opensecrets.org/members-of-congress/lujan-ben-ray/summary?cid=N00029562&cycle=2024
Cynthia M.,Lummis,cynthia-m-lummis,https://www.opensecrets.org/members-of-congress/lummis-cynthia/summary?cid=N00029788&cycle=2024
Anna Paulina,Luna,anna-paulina-luna,https://www.opensecrets.org/members-of-congress/anna-paulina-luna/summary?cid=N00045228
Morgan,Luttrell,morgan-luttrell,https://www.opensecrets.org/members-of-congress/morgan-luttrell/summary?cid=N00048776
Stephen F.,Lynch,stephen-f-lynch,https://www.opensecrets.org/members-of-congress/lynch-stephen/summary?cid=N00013855&cycle=2024
Nancy,Mace,nancy-mace,https://www.opensecrets.org/members-of-congress/nancy-mace/summary?cid=N00035670
Ryan,Mackenzie,ryan-mackenzie,
Seth,Magaziner,seth-magaziner,https://www.opensecrets.org/members-of-congress/seth-magaziner/summary?cid=N00050458
Nicole,Malliotakis,nicole-malliotakis,https://www.opensecrets.org/members-of-congress/nicole-malliotakis/summary?cid=N00044040
Celeste,Maloy,celeste-maloy,https://www.opensecrets.org/members-of-congress/celeste-maloy/summary?cid=N00052817
Tracey,Mann,tracey-mann,https://www.opensecrets.org/members-of-congress/tracey-mann/summary?cid=N00030743
John W.,Mannion,john-w-mannion,https://www.opensecrets.org/members-of-congress/john-mannion/summary?cid=N00053112&cycle=2024
Edward J.,Markey,edward-j-markey,https://www.opensecrets.org/members-of-congress/markey-ed/summary?cid=N00000270&cycle=2024
Roger,Marshall,roger-marshall,https://www.opensecrets.org/members-of-congress/marshall-roger/summary?cid=N00037034&cycle=2024
Thomas,Massie,thomas-massie,https://www.opensecrets.org/members-of-congress/thomas-massie/summary?cid=N00034041
Brian J.,Mast,brian-j-mast,https://www.opensecrets.org/members-of-congress/mast-brian/summary?cid=N00037269&cycle=2024
Doris O.,Matsui,doris-o-matsui,https://www.opensecrets.org/members-of-congress/matsui-doris/summary?cid=N00027459&cycle=2024
Lucy,McBath,lucy-mcbath,https://www.opensecrets.org/members-of-congress/lucy-mcbath/summary?cid=N00042813
Sarah,McBride,sarah-mcbride,https://www.opensecrets.org/members-of-congress/sarah-mcbride/summary?cid=N00052698&cycle=2024
Michael T.,McCaul,michael-t-mccaul,https://www.opensecrets.org/members-of-congress/mccaul-michael/summary?cid=N00026460&cycle=2024
Lisa C.,McClain,lisa-c-mcclain,https://www.opensecrets.org/members-of-congress/mcclain-lisa/summary?cid=N00045730&cycle=2024
April,McClain Delaney,april-mcclain-delaney,
Jennifer L.,McClellan,jennifer-l-mcclellan,https://www.opensecrets.org/members-of-congress/mcclellan-jennifer/summary?cid=N00051961&cycle=2024
Tom,McClintock,tom-mcclintock,https://www.opensecrets.org/members-of-congress/tom-mcclintock/summary?cid=N00006863
Betty,McCollum,betty-mccollum,https://www.opensecrets.org/members-of-congress/betty-mccollum/summary?cid=N00012942
Mitch,McConnell,mitch-mcconnell,https://www.opensecrets.org/members-of-congress/mcconnell-mitch/summary?cid=N00003389&cycle=2024
David,McCormick,david-mccormick,
Richard,McCormick,richard-mccormick,https://www.opensecrets.org/members-of-congress/richard-mccormick/summary?cid=N00044520
Kristen,McDonald Rivet,kristen-mcdonald-rivet,
Addison P.,McDowell,addison-p-mcdowell,https://www.opensecrets.org/members-of-congress/addison-mcdowell/summary?cid=N00054055&cycle=2024
Morgan,McGarvey,morgan-mcgarvey,https://www.opensecrets.org/members-of-congress/morgan-mcgarvey/summary?cid=N00049295
James P.,McGovern,james-p-mcgovern,https://www.opensecrets.org/members-of-congress/mcgovern-james-p/summary?cid=N00000179&cycle=2024
John J.,McGuire,john-j-mcguire,
LaMonica,McIver,lamonica-mciver,https://www.opensecrets.org/members-of-congress/mciver-lamonica/summary?cid=N00055172&cycle=2024
Gregory W.,Meeks,gregory-w-meeks,https://www.opensecrets.org/members-of-congress/meeks-gregory/summary?cid=N00001171&cycle=2024
Robert,Menendez,robert-menendez,https://www.opensecrets.org/members-of-congress/menendez-rob/summary?cid=N00049686&cycle=2024
Grace,Meng,grace-meng,https://www.opensecrets.org/members-of-congress/grace-meng/summary?cid=N00034547
Jeff,Merkley,jeff-merkley,https://www.opensecrets.org/members-of-congress/merkley-jeff/summary?cid=N00029303&cycle=2024
Mark B.,Messmer,mark-b-messmer,https://www.opensecrets.org/officeholders/mark-b-messmer/summary?cycle=2023&id=6675248
Daniel,Meuser,daniel-meuser,https://www.opensecrets.org/members-of-congress/meuser-dan/summary?cid=N00029416&cycle=2024
Kweisi,Mfume,kweisi-mfume,https://www.opensecrets.org/members-of-congress/kweisi-mfume/summary?cid=N00001799
Carol D.,Miller,carol-d-miller,https://www.opensecrets.org/members-of-congress/miller-carol/summary?cid=N00041542&cycle=2024
Mary E.,Miller,mary-e-miller,https://www.opensecrets.org/members-of-congress/miller-mary/summary?cid=N00045703&cycle=2024
Max L.,Miller,max-l-miller,https://www.opensecrets.org/members-of-congress/miller-max/summary?cid=N00048277&cycle=2024
Mariannette,Miller-Meeks,mmiller-meeks,https://www.opensecrets.org/members-of-congress/miller-meeks-mariannette/summary?cid=N00029495&cycle=2024
Cory,Mills,cory-mills,https://www.opensecrets.org/members-of-congress/cory-mills/summary?cid=N00048179
Dave,Min,dave-min,https://www.opensecrets.org/members-of-congress/dave-min/summary?cid=N00040866&cycle=2024
Ashley,Moody,ashley-moody,
John R.,Moolenaar,john-r-moolenaar,https://www.opensecrets.org/members-of-congress/moolenaar-john/summary?cid=N00036275&cycle=2024
Barry,Moore,barry-moore,https://www.opensecrets.org/members-of-congress/barry-moore/summary?cid=N00041295
Blake D.,Moore,blake-d-moore,https://www.opensecrets.org/members-of-congress/moore-blake/summary?cid=N00046598&cycle=2024
Gwen,Moore,gwen-moore,https://www.opensecrets.org/members-of-congress/gwen-moore/summary?cid=N00026914
Riley M.,Moore,riley-m-moore,https://www.opensecrets.org/members-of-congress/riley-moore/summary?cid=N00051965&cycle=2024
Tim,Moore,tim-moore,https://www.opensecrets.org/members-of-congress/tim-moore/industries?cid=N00053948&cycle=2024&recs=0&type=I
Jerry,Moran,jerry-moran,https://www.opensecrets.org/members-of-congress/jerry-moran/summary?cid=N00005282
Nathaniel,Moran,nathaniel-moran,https://www.opensecrets.org/members-of-congress/nathaniel-moran/summary?cid=N00049775
Joseph D.,Morelle,joseph-d-morelle,https://www.opensecrets.org/members-of-congress/morelle-joseph-d/summary?cid=N00043207&cycle=2024
Bernie,Moreno,bernie-moreno,https://www.opensecrets.org/members-of-congress/bernie-moreno/summary?cid=N00048437
Kelly,Morrison,kelly-morrison,
Jared,Moskowitz,jared-moskowitz,https://www.opensecrets.org/members-of-congress/jared-moskowitz/summary?cid=N00050596
Seth,Moulton,seth-moulton,https://www.opensecrets.org/members-of-congress/seth-moulton/summary?cid=N00035431
James C.,Moylan,james-c-moylan,https://www.opensecrets.org/members-of-congress/moylan-james-c/summary?cid=N00050604&cycle=2024
Frank J.,Mrvan,frank-j-mrvan,https://www.opensecrets.org/members-of-congress/mrvan-frank-jr/summary?cid=N00045905&cycle=2024
Kevin,Mullin,kevin-mullin,https://www.opensecrets.org/members-of-congress/kevin-mullin/summary?cid=N00049438
Markwayne,Mullin,markwayne-mullin,https://www.opensecrets.org/members-of-congress/markwayne-mullin/summary?cid=N00033410
Lisa,Murkowski,lisa-murkowski,https://www.opensecrets.org/members-of-congress/lisa-murkowski/summary?cid=N00026050
Christopher,Murphy,christopher-murphy,https://www.opensecrets.org/members-of-congress/murphy-christopher-s/summary?cid=N00027566&cycle=2024
Gregory F.,Murphy,gregory-f-murphy,https://www.opensecrets.org/members-of-congress/murphy-greg/summary?cid=N00044027&cycle=2024
Patty,Murray,patty-murray,https://www.opensecrets.org/members-of-congress/patty-murray/summary?cid=N00007876
Jerrold,Nadler,jerrold-nadler,https://www.opensecrets.org/members-of-congress/jerrold-nadler/summary?cid=N00000939
Richard E.,Neal,richard-e-neal,https://www.opensecrets.org/members-of-congress/neal-richard-e/summary?cid=N00000153&cycle=2024
Joe,Neguse,joe-neguse,https://www.opensecrets.org/members-of-congress/neguse-joseph/summary?cid=N00041080&cycle=2024
Troy E.,Nehls,troy-e-nehls,https://www.opensecrets.org/members-of-congress/nehls-troy/summary?cid=N00046067&cycle=2024
Dan,Newhouse,dan-newhouse,https://www.opensecrets.org/members-of-congress/dan-newhouse/summary?cid=N00036403
Donald,Norcross,donald-norcross,https://www.opensecrets.org/members-of-congress/norcross-don/summary?cid=N00036154&cycle=2024
Ralph,Norman,ralph-norman,https://www.opensecrets.org/members-of-congress/ralph-norman/summary?cid=N00027783
Eleanor Holmes,Norton,eleanor-holmes-norton,https://www.opensecrets.org/members-of-congress/eleanor-holmes-norton/summary?cid=N00001692
Zachary,Nunn,zachary-nunn,https://www.opensecrets.org/members-of-congress/summary?cid=N00048870
Jay,Obernolte,jay-obernolte,https://www.opensecrets.org/members-of-congress/jay-obernolte/summary?cid=N00045377
Alexandria,Ocasio-Cortez,alexandria-ocasio-cortez,https://www.opensecrets.org/members-of-congress/alexandria-ocasio-cortez/summary?cid=N00041162
Andrew,Ogles,andrew-ogles,https://www.opensecrets.org/members-of-congress/ogles-andy/summary?cid=N00050943&cycle=2024
Johnny,Olszewski,johnny-olszewski,https://www.opensecrets.org/members-of-congress/john-anthony-olszewski-jr/industries?cid=N00054814&cycle=2024&recs=0&type=I
Ilhan,Omar,ilhan-omar,https://www.opensecrets.org/members-of-congress/ilhan-omar/summary?cid=N00043581
Robert F.,Onder,robert-f-onder,https://www.opensecrets.org/members-of-congress/robert-frank-onder-jr/summary?cid=N00030025&cycle=2024
Jon,Ossoff,jon-ossoff,https://www.opensecrets.org/members-of-congress/ossoff-jon/summary?cid=N00040675&cycle=2024
Burgess,Owens,burgess-owens,https://www.opensecrets.org/members-of-congress/burgess-owens/summary?cid=N00045812
Alex,Padilla,alex-padilla,https://www.opensecrets.org/members-of-congress/alex-padilla/summary?cid=N00047888
Frank,Pallone,frank-pallone,https://www.opensecrets.org/members-of-congress/pallone-frank-jr/summary?cid=N00000781&cycle=2024
Gary J.,Palmer,gary-j-palmer,https://www.opensecrets.org/members-of-congress/palmer-gary/summary?cid=N00035691&cycle=2024
Jimmy,Panetta,jimmy-panetta,https://www.opensecrets.org/members-of-congress/jimmy-panetta/summary?cid=N00038601
Chris,Pappas,chris-pappas,https://www.opensecrets.org/members-of-congress/chris-pappas/summary?cid=N00042161
Jimmy,Patronis,jimmy-patronis,
Rand,Paul,rand-paul,https://www.opensecrets.org/members-of-congress/rand-paul/summary?cid=N00030836
Nancy,Pelosi,nancy-pelosi,https://www.opensecrets.org/members-of-congress/nancy-pelosi/summary?cid=N00007360
Marie Gluesenkamp,Perez,marie-gluesenkamp-perez,https://www.opensecrets.org/members-of-congress/marie-gluesenkamp-perez/summary?cid=N00050490
Scott,Perry,scott-perry,https://www.opensecrets.org/members-of-congress/scott-perry/summary?cid=N00034120
Gary C.,Peters,gary-c-peters,https://www.opensecrets.org/members-of-congress/peters-gary/summary?cid=N00029277&cycle=2024
Scott H.,Peters,scott-h-peters,https://www.opensecrets.org/members-of-congress/peters-scott/summary?cid=N00033591&cycle=2024
Brittany,Pettersen,brittany-pettersen,https://www.opensecrets.org/members-of-congress/brittany-pettersen/summary?cid=N00040878
August,Pfluger,august-pfluger,https://www.opensecrets.org/members-of-congress/august-pfluger/summary?cid=N00045421
Chellie,Pingree,chellie-pingree,https://www.opensecrets.org/members-of-congress/chellie-pingree/summary?cid=N00013817
Stacey E.,Plaskett,stacey-e-plaskett,https://www.opensecrets.org/members-of-congress/plaskett-stacey/summary?cid=N00035000&cycle=2024
Mark,Pocan,mark-pocan,https://www.opensecrets.org/members-of-congress/mark-pocan/summary?cid=N00033549
Nellie,Pou,nellie-pou,https://www.opensecrets.org/officeholders/nellie-pou/summary?cycle=2017&id=6749723
Ayanna,Pressley,ayanna-pressley,https://www.opensecrets.org/members-of-congress/ayanna-pressley/summary?cid=N00042581
Mike,Quigley,mike-quigley,https://www.opensecrets.org/members-of-congress/mike-quigley/summary?cid=N00030581
Aumua Amata Coleman,Radewagen,aumua-amata-coleman-radewagen,https://www.opensecrets.org/members-of-congress/radewagen-amata-coleman/summary?cid=N00007635&cycle=2024
Delia C.,Ramirez,delia-c-ramirez,https://www.opensecrets.org/members-of-congress/ramirez-delia/summary?cid=N00049548&cycle=2024
Emily,Randall,emily-randall,https://www.opensecrets.org/officeholders/emily-randall/summary?cycle=2024&id=45285246
Jamie,Raskin,jamie-raskin,https://www.opensecrets.org/members-of-congress/jamie-raskin/summary?cid=N00037036
Jack,Reed,jack-reed,https://www.opensecrets.org/members-of-congress/reed-jack/summary?cid=N00000362&cycle=2024
Guy,Reschenthaler,guy-reschenthaler,https://www.opensecrets.org/members-of-congress/guy-reschenthaler/summary?cid=N00041871
Pete,Ricketts,pete-ricketts,https://www.opensecrets.org/members-of-congress/ricketts-pete/summary?cid=N00027695&cycle=2024
Josh,Riley,josh-riley,https://www.opensecrets.org/members-of-congress/josh-riley/summary?cid=N00049916
James E.,Risch,james-e-risch,https://www.opensecrets.org/members-of-congress/risch-james-e/summary?cid=N00029441&cycle=2024
Luz M.,Rivas,luz-m-rivas,
Harold,Rogers,harold-rogers,https://www.opensecrets.org/members-of-congress/rogers-hal/summary?cid=N00003473&cycle=2024
Mike D.,Rogers,mike-d-rogers,https://www.opensecrets.org/members-of-congress/rogers-mike-d/summary?cid=N00024759&cycle=2024
John W.,Rose,john-w-rose,https://www.opensecrets.org/members-of-congress/rose-john/summary?cid=N00041599&cycle=2024
Jacky,Rosen,jacky-rosen,https://www.opensecrets.org/members-of-congress/rosen-jacky/summary?cid=N00038734&cycle=2024
Deborah K.,Ross,deborah-k-ross,https://www.opensecrets.org/members-of-congress/ross-deborah/summary?cid=N00038565&cycle=2024
Mike,Rounds,mike-rounds,https://www.opensecrets.org/members-of-congress/rounds-mike/summary?cid=N00035187&cycle=2024
David,Rouzer,david-rouzer,https://www.opensecrets.org/members-of-congress/david-rouzer/summary?cid=N00033527
Chip,Roy,chip-roy,https://www.opensecrets.org/members-of-congress/chip-roy/summary?cid=N00042268
Marco,Rubio,marco-rubio,https://www.opensecrets.org/members-of-congress/marco-rubio/summary?cid=N00030612
Raul,Ruiz,raul-ruiz,https://www.opensecrets.org/members-of-congress/raul-ruiz/summary?cid=N00033510
Michael A.,Rulli,michael-a-rulli,https://www.opensecrets.org/members-of-congress/rulli-michael/summary?cid=N00054190&cycle=2024
John H.,Rutherford,john-h-rutherford,https://www.opensecrets.org/members-of-congress/rutherford-john/summary?cid=N00039777&cycle=2024
Patrick,Ryan,patrick-ryan,https://www.opensecrets.org/members-of-congress/ryan-pat/summary?cid=N00041165&cycle=2024
Maria Elvira,Salazar,maria-elvira-salazar,https://www.opensecrets.org/members-of-congress/salazar-maria/summary?cid=N00042810&cycle=2024
Andrea,Salinas,andrea-salinas,https://www.opensecrets.org/members-of-congress/andrea-salinas/summary?cid=N00049738
Linda T.,Sánchez,linda-t-sanchez,https://www.opensecrets.org/members-of-congress/sanchez-linda/summary?cid=N00024870&cycle=2024
Bernard,Sanders,bernard-sanders,https://www.opensecrets.org/members-of-congress/sanders-bernie/summary?cid=N00000528&cycle=2024
Steve,Scalise,steve-scalise,https://www.opensecrets.org/members-of-congress/steve-scalise/summary?cid=N00009660
Mary Gay,Scanlon,mary-gay-scanlon,https://www.opensecrets.org/members-of-congress/mary-gay-scanlon/summary?cid=N00042706
Janice D.,Schakowsky,janice-d-schakowsky,https://www.opensecrets.org/members-of-congress/schakowsky-jan/summary?cid=N00004724&cycle=2024
Brian,Schatz,brian-schatz,https://www.opensecrets.org/members-of-congress/brian-schatz/summary?cid=N00028138
Adam B.,Schiff,adam-b-schiff,https://www.opensecrets.org/members-of-congress/schiff-adam/summary?cid=N00009585&cycle=2024
Derek,Schmidt,derek-schmidt,https://www.opensecrets.org/members-of-congress/derek-schmidt/summary?cid=N00055179&cycle=2024
Eric,Schmitt,eric-schmitt,https://www.opensecrets.org/members-of-congress/eric-schmitt/summary?cid=N00048414
Bradley Scott,Schneider,bradley-scott-schneider,https://www.opensecrets.org/members-of-congress/schneider-brad/summary?cid=N00033101&cycle=2024
Hillary J.,Scholten,hillary-j-scholten,https://www.opensecrets.org/members-of-congress/scholten-hillary/summary?cid=N00044885&cycle=2024
Kim,Schrier,kim-schrier,https://www.opensecrets.org/members-of-congress/kim-schrier/summary?cid=N00041606
Charles E.,Schumer,charles-e-schumer,https://www.opensecrets.org/members-of-congress/schumer-charles-e/summary?cid=N00001093&cycle=2024
David,Schweikert,david-schweikert,https://www.opensecrets.org/members-of-congress/david-schweikert/summary?cid=N00006460
Austin,Scott,austin-scott,https://www.opensecrets.org/members-of-congress/austin-scott/summary?cid=N00032457
David,Scott,david-scott,https://www.opensecrets.org/members-of-congress/david-scott/summary?cid=N00024871
Rick,Scott,rick-scott,https://www.opensecrets.org/members-of-congress/scott-rick/summary?cid=N00043290&cycle=2024
"Robert C. ""Bobby""",Scott,robert-c-bobby-scott,https://www.opensecrets.org/members-of-congress/scott-bobby/summary?cid=N00002147&cycle=2024
Tim,Scott,tim-scott,https://www.opensecrets.org/members-of-congress/tim-scott/summary?cid=N00031782
Keith,Self,keith-self,https://www.opensecrets.org/members-of-congress/keith-self/summary?cid=N00049337
Pete,Sessions,pete-sessions,https://www.opensecrets.org/members-of-congress/pete-sessions/summary?cid=N00005681
Terri A.,Sewell,terri-a-sewell,https://www.opensecrets.org/members-of-congress/sewell-terri/summary?cid=N00030622&cycle=2024
Jeanne,Shaheen,jeanne-shaheen,https://www.opensecrets.org/members-of-congress/shaheen-jeanne/summary?cid=N00024790&cycle=2024
Tim,Sheehy,tim-sheehy,https://www.opensecrets.org/members-of-congress/tim-sheehy/summary?cid=N00053174
Brad,Sherman,brad-sherman,https://www.opensecrets.org/members-of-congress/brad-sherman/summary?cid=N00006897
Mikie,Sherrill,mikie-sherrill,https://www.opensecrets.org/members-of-congress/mikie-sherrill/summary?cid=N00041154
Jefferson,Shreve,jefferson-shreve,https://www.opensecrets.org/members-of-congress/summary?cid=N00054651&cycle=2024
Lateefah,Simon,lateefah-simon,https://www.opensecrets.org/members-of-congress/lateefah-simon/summary?cid=N00052195&cycle=2024
Michael K.,Simpson,michael-k-simpson,https://www.opensecrets.org/members-of-congress/simpson-mike/summary?cid=N00006263&cycle=2024
Elissa,Slotkin,elissa-slotkin,https://www.opensecrets.org/members-of-congress/elissa-slotkin/summary?cid=N00041357
Adam,Smith,adam-smith,https://www.opensecrets.org/members-of-congress/adam-smith/summary?cid=N00007833
Adrian,Smith,adrian-smith,https://www.opensecrets.org/members-of-congress/adrian-smith/summary?cid=N00027623
Christopher H.,Smith,christopher-h-smith,https://www.opensecrets.org/members-of-congress/smith-chris/summary?cid=N00009816&cycle=2024
Jason,Smith,jason-smith,https://www.opensecrets.org/members-of-congress/jason-smith/summary?cid=N00035282
Tina,Smith,tina-smith,https://www.opensecrets.org/members-of-congress/smith-tina/summary?cid=N00042353&cycle=2024
Lloyd,Smucker,lloyd-smucker,https://www.opensecrets.org/members-of-congress/lloyd-smucker/summary?cid=N00038781
Eric,Sorensen,eric-sorensen,https://www.opensecrets.org/members-of-congress/eric-sorensen/summary?cid=N00049558
Darren,Soto,darren-soto,https://www.opensecrets.org/members-of-congress/darren-soto/summary?cid=N00037422
Victoria,Spartz,victoria-spartz,https://www.opensecrets.org/members-of-congress/victoria-spartz/summary?cid=N00046537
Melanie A.,Stansbury,melanie-a-stansbury,https://www.opensecrets.org/members-of-congress/stansbury-melanie/summary?cid=N00047871&cycle=2024
Greg,Stanton,greg-stanton,https://www.opensecrets.org/members-of-congress/greg-stanton/summary?cid=N00041750
Pete,Stauber,pete-stauber,https://www.opensecrets.org/members-of-congress/pete-stauber/summary?cid=N00041511
Elise M.,Stefanik,elise-m-stefanik,https://www.opensecrets.org/members-of-congress/stefanik-elise/summary?cid=N00035523&cycle=2024
Bryan,Steil,bryan-steil,https://www.opensecrets.org/members-of-congress/bryan-steil/summary?cid=N00043379
W. Gregory,Steube,w-gregory-steube,https://www.opensecrets.org/members-of-congress/steube-greg/summary?cid=N00042808&cycle=2024
Haley M.,Stevens,haley-m-stevens,https://www.opensecrets.org/members-of-congress/stevens-haley/summary?cid=N00040915&cycle=2024
Marilyn,Strickland,marilyn-strickland,https://www.opensecrets.org/members-of-congress/marilyn-strickland/summary?cid=N00046320
Dale W.,Strong,dale-w-strong,https://www.opensecrets.org/members-of-congress/strong-dale/summary?cid=N00048145&cycle=2024
Marlin A.,Stutzman,marlin-a-stutzman,https://www.opensecrets.org/members-of-congress/marlin-stutzman/summary?cid=N00030891
Suhas,Subramanyam,suhas-subramanyam,https://www.opensecrets.org/members-of-congress/suhas-subramanyam/summary?cid=N00054085&cycle=2024
Dan,Sullivan,dan-sullivan,https://www.opensecrets.org/members-of-congress/dan-sullivan/summary?cid=N00051393
Thomas R.,Suozzi,thomas-r-suozzi,https://www.opensecrets.org/members-of-congress/suozzi-tom/summary?cid=N00038742&cycle=2024
Eric,Swalwell,eric-swalwell,https://www.opensecrets.org/members-of-congress/eric-swalwell/summary?cid=N00033508
Emilia Strong,Sykes,emilia-strong-sykes,https://www.opensecrets.org/members-of-congress/sykes-emilia/summary?cid=N00050165&cycle=2024
Mark,Takano,mark-takano,https://www.opensecrets.org/members-of-congress/mark-takano/summary?cid=N00006701
David J.,Taylor,david-j-taylor,
Claudia,Tenney,claudia-tenney,https://www.opensecrets.org/members-of-congress/claudia-tenney/summary?cid=N00036351
Shri,Thanedar,shri-thanedar,https://www.opensecrets.org/members-of-congress/shri-thanedar/summary?cid=N00049602
Bennie G.,Thompson,bennie-g-thompson,https://www.opensecrets.org/members-of-congress/thompson-bennie-g/summary?cid=N00003288&cycle=2024
Glenn,Thompson,glenn-thompson,https://www.opensecrets.org/members-of-congress/glenn-thompson/summary?cid=N00029736
Mike,Thompson,mike-thompson,https://www.opensecrets.org/members-of-congress/mike-thompson/summary?cid=N00007419
John,Thune,john-thune,https://www.opensecrets.org/members-of-congress/john-thune/summary?cid=N00004572
Thomas P.,Tiffany,thomas-p-tiffany,https://www.opensecrets.org/members-of-congress/tiffany-tom/summary?cid=N00045307&cycle=2024
Thomas,Tillis,thomas-tillis,https://www.opensecrets.org/members-of-congress/tillis-thom/summary?cid=N00035492&cycle=2024
William R.,Timmons,william-r-timmons,https://www.opensecrets.org/members-of-congress/timmons-william/summary?cid=N00042715&cycle=2024
Dina,Titus,dina-titus,https://www.opensecrets.org/members-of-congress/dina-titus/summary?cid=N00030191
Rashida,Tlaib,rashida-tlaib,https://www.opensecrets.org/members-of-congress/rashida-tlaib/summary?cid=N00042649
Jill N.,Tokuda,jill-n-tokuda,https://www.opensecrets.org/members-of-congress/tokuda-jill/summary?cid=N00051049&cycle=2024
Paul,Tonko,paul-tonko,https://www.opensecrets.org/members-of-congress/paul-tonko/summary?cid=N00030196
Norma J.,Torres,norma-j-torres,https://www.opensecrets.org/members-of-congress/torres-norma/summary?cid=N00036107&cycle=2024
Ritchie,Torres,ritchie-torres,https://www.opensecrets.org/members-of-congress/ritchie-torres/summary?cid=N00044346
Lori,Trahan,lori-trahan,https://www.opensecrets.org/members-of-congress/lori-trahan/summary?cid=N00041808
Derek,Tran,derek-tran,https://www.opensecrets.org/campaign-expenditures/vendor?year=2024&vendor=Derek%20Tran%20for%20Congress
Tommy,Tuberville,tommy-tuberville,https://www.opensecrets.org/members-of-congress/tuberville-tommy/summary?cid=N00044434&cycle=2024
Michael R.,Turner,michael-r-turner,https://www.opensecrets.org/members-of-congress/turner-michael-r/summary?cid=N00025175&cycle=2024
Sylvester,Turner,sylvester-turner,
Lauren,Underwood,lauren-underwood,https://www.opensecrets.org/members-of-congress/underwood-lauren-a/summary?cid=N00041569&cycle=2024
David G.,Valadao,david-g-valadao,https://www.opensecrets.org/members-of-congress/valadao-david/summary?cid=N00033367&cycle=2024
Jefferson,Van Drew,jefferson-van-drew,https://www.opensecrets.org/members-of-congress/van-drew-jeff/summary?cid=N00042164&cycle=2024
Beth,Van Duyne,beth-van-duyne,https://www.opensecrets.org/members-of-congress/beth-van-duyne/summary?cid=N00045167
Chris,Van Hollen,chris-van-hollen,https://www.opensecrets.org/members-of-congress/chris-van-hollen/summary?cid=N00013820
Derrick,Van Orden,derrick-van-orden,https://www.opensecrets.org/members-of-congress/derrick-van-orden/summary?cid=N00046843
J. D.,Vance,j-d-vance,https://www.opensecrets.org/members-of-congress/vance-j-d/summary?cid=N00048832&cycle=2024
Juan,Vargas,juan-vargas,https://www.opensecrets.org/members-of-congress/juan-vargas/summary?cid=N00007021
Gabe,Vasquez,gabe-vasquez,https://www.opensecrets.org/members-of-congress/gabe-vasquez/summary?cid=N00049142
Marc A.,Veasey,marc-a-veasey,https://www.opensecrets.org/members-of-congress/veasey-marc/summary?cid=N00033839&cycle=2024
Nydia M.,Velázquez,nydia-m-velzquez,https://www.opensecrets.org/members-of-congress/velazquez-nydia/summary?cid=N00001102&cycle=2024
Eugene Simon,Vindman,eugene-simon-vindman,
Ann,Wagner,ann-wagner,https://www.opensecrets.org/members-of-congress/ann-wagner/summary?cid=N00033106
Tim,Walberg,tim-walberg,https://www.opensecrets.org/members-of-congress/tim-walberg/summary?cid=N00026368
Michael,Waltz,michael-waltz,https://www.opensecrets.org/members-of-congress/michael-waltz/summary?cid=N00042403
Mark R.,Warner,mark-r-warner,https://www.opensecrets.org/members-of-congress/warner-mark/summary?cid=N00002097&cycle=2024
Raphael G.,Warnock,raphael-g-warnock,https://www.opensecrets.org/members-of-congress/warnock-raphael/summary?cid=N00046489&cycle=2024
Elizabeth,Warren,elizabeth-warren,https://www.opensecrets.org/members-of-congress/warren-elizabeth/summary?cid=N00033492&cycle=2024
Debbie,Wasserman Schultz,debbie-wasserman-schultz,https://www.opensecrets.org/members-of-congress/debbie-wasserman-schultz/summary?cid=N00026106
Maxine,Waters,maxine-waters,https://www.opensecrets.org/members-of-congress/maxine-waters/summary?cid=N00006690
Bonnie,Watson Coleman,bonnie-watson-coleman,https://www.opensecrets.org/members-of-congress/bonnie-watson-coleman/summary?cid=N00036158
Randy K. Sr.,Weber,randy-k-sr-weber,https://www.opensecrets.org/members-of-congress/weber-randy/summary?cid=N00033539&cycle=2024
Daniel,Webster,daniel-webster,https://www.opensecrets.org/members-of-congress/daniel-webster/summary?cid=N00026335
Peter,Welch,peter-welch,https://www.opensecrets.org/members-of-congress/peter-welch/summary?cid=N00000515
Bruce,Westerman,bruce-westerman,https://www.opensecrets.org/members-of-congress/bruce-westerman/summary?cid=N00035527
Sheldon,Whitehouse,sheldon-whitehouse,https://www.opensecrets.org/members-of-congress/whitehouse-sheldon/summary?cid=N00027533&cycle=2024
George,Whitesides,george-whitesides,https://www.opensecrets.org/campaign-expenditures/vendor?cycle=2024&vendor=George+Whitesides+for+Congress
Roger F.,Wicker,roger-f-wicker,https://www.opensecrets.org/members-of-congress/wicker-roger/summary?cid=N00003280&cycle=2024
Tony,Wied,tony-wied,https://www.opensecrets.org/members-of-congress/tony-wied/summary?cid=N00055013&cycle=2024
Nikema,Williams,nikema-williams,https://www.opensecrets.org/members-of-congress/williams-nikema-natassha/summary?cid=N00047361&cycle=2024
Roger,Williams,roger-williams,https://www.opensecrets.org/members-of-congress/roger-williams/summary?cid=N00030602
Frederica S.,Wilson,frederica-s-wilson,https://www.opensecrets.org/members-of-congress/wilson-frederica/summary?cid=N00030650&cycle=2024
Joe,Wilson,joe-wilson,https://www.opensecrets.org/members-of-congress/joe-wilson/summary?cid=N00024809
Robert J.,Wittman,robert-j-wittman,https://www.opensecrets.org/members-of-congress/wittman-rob/summary?cid=N00029459&cycle=2024
Steve,Womack,steve-womack,https://www.opensecrets.org/members-of-congress/steve-womack/summary?cid=N00031857
Ron,Wyden,ron-wyden,https://www.opensecrets.org/members-of-congress/ron-wyden/summary?cid=N00007724
Rudy,Yakym,rudy-yakym,https://www.opensecrets.org/members-of-congress/rudy-yakym/summary?cid=N00051733
Todd,Young,todd-young,https://www.opensecrets.org/members-of-congress/todd-young/summary?cid=N00030670
Ryan K.,Zinke,ryan-k-zinke,https://www.opensecrets.org/members-of-congress/zinke-ryan/summary?cid=N00035616&cycle=2024
Debbie,Stabenow,dennie-stabenow,https://www.opensecrets.org/members-of-congress/debbie-stabenow/summary?cid=N00004118