cid,bioguide_id,first_name,last_name,middle_name,slug_name,slug_url
N00035451,A000370,Alma,Adams,S.,alma-s-adams,https://www.opensecrets.org/members-of-congress/adams-alma/summary?cid=N00035451&cycle=2024
N00003028,A000055,Robert,Aderholt,B.,robert-b-aderholt,https://www.opensecrets.org/members-of-congress/robert-b-aderholt/summary?cid=N00003028
N00033997,A000371,Pete,Aguilar,,pete-aguilar,https://www.opensecrets.org/members-of-congress/pete-aguilar/summary?cid=N00033997
N00049617,A000379,Mark,Alford,,mark-alford,https://www.opensecrets.org/members-of-congress/mark-alford/summary?cid=N00049617
N00033720,A000372,Rick,Allen,W.,,https://www.opensecrets.org/members-of-congress/richard-w-allen/summary?cid=N00033720
N00053033,A000382,Angela,Alsobrooks,D.,angela-alsobrooks,https://www.opensecrets.org/members-of-congress/angela-alsobrooks/summary?cid=N00053033
N00052615,A000380,Gabe,Amo,,gabe-amo,https://www.opensecrets.org/members-of-congress/amo-gabe/summary?cid=N00052615&cycle=2024
N00031177,A000369,Mark,Amodei,E.,mark-e-amodei,https://www.opensecrets.org/members-of-congress/amodei-mark/summary?cid=N00031177&cycle=2024
N00033997,A000381,Yassamin,Ansari,,yassamin-ansari,https://www.opensecrets.org/members-of-congress/yassamin-ansari/summary?cid=N00052497
N00038285,A000375,Jodey,Arrington,C.,jodey-c-arrington,https://www.opensecrets.org/members-of-congress/arrington-jodey/summary?cid=N00038285&cycle=2024
N00045506,A000148,Jake,Auchincloss,,jake-auchincloss,https://www.opensecrets.org/members-of-congress/jake-auchincloss/summary?cid=N00045506
N00005736,B001291,Brian,Babin,,brian-babin,https://www.opensecrets.org/members-of-congress/brian-babin/summary?cid=N00005736
N00037049,B001298,Don,Bacon,J.,don-bacon,https://www.opensecrets.org/members-of-congress/bacon-donald-john/summary?cid=N00037049
N00041954,B001307,James,Baird,R.,,https://www.opensecrets.org/members-of-congress/jim-baird/summary?cid=N00041954
N00042194,B001306,Troy,Balderson,,troy-balderson,https://www.opensecrets.org/members-of-congress/troy-balderson/summary?cid=N00042194
N00004367,B001230,Tammy,Baldwin,,tammy-baldwin,https://www.opensecrets.org/members-of-congress/baldwin-tammy/summary?cid=N00004367&cycle=2024
N00049900,B001318,Becca,Balint,,becca-balint,https://www.opensecrets.org/members-of-congress/becca-balint/summary?cid=N00049900
N00037185,B001299,Jim,Banks,,jim-banks,https://www.opensecrets.org/members-of-congress/jim-banks/summary?cid=N00037185
N00031233,B001282,Andy,Barr,,andy-barr,https://www.opensecrets.org/members-of-congress/andy-barr/summary?cid=N00031233
N00037019,B001300,Nanette Diaz,Barragán,,nanette-diaz-barragn,https://www.opensecrets.org/members-of-congress/barragan-nanette/summary?cid=N00037019&cycle=2024
N00006236,B001261,John,Barrasso,,john-barrasso,https://www.opensecrets.org/members-of-congress/barrasso-john/summary?cid=N00006236&cycle=2024
N00049596,B001321,Tom,Barrett,,tom-barrett,https://www.opensecrets.org/members-of-congress/tom-barrett/summary?cid=N00049596
N00030608,B001322,Michael,Baumgartner,,michael-baumgartner,https://www.opensecrets.org/members-of-congress/bennet-michael/summary?cid=N00030608&cycle=2024
N00051369,B001314,Aaron,Bean,,aaron-bean,https://www.opensecrets.org/members-of-congress/aaron-bean/summary?cid=N00051369
N00033904,B001281,Joyce,Beatty,,joyce-beatty,https://www.opensecrets.org/members-of-congress/joyce-beatty/summary?cid=N00033904
N00049408,B001323,Nicholas,Begich,J.,,https://www.opensecrets.org/members-of-congress/nick-begich-iii/summary?cid=N00049408&cycle=2024
,B001324,Wesley,Bell,,wesley-bell,
N00030608,B001267,Michael,Bennet,F.,michael-baumgartner,https://www.opensecrets.org/members-of-congress/bennet-michael/summary?cid=N00030608&cycle=2024
N00045773,B000668,Cliff,Bentz,,cliff-bentz,https://www.opensecrets.org/members-of-congress/cliff-bentz/summary?cid=N00045773
N00030717,B001287,Ami,Bera,,ami-bera,https://www.opensecrets.org/members-of-congress/ami-bera/summary?cid=N00030717
N00039533,B001301,Jack,Bergman,,jack-bergman,https://www.opensecrets.org/members-of-congress/bergman-john/summary?cid=N00039533&cycle=2024
N00036018,B001292,Donald,Beyer,S.,,https://www.opensecrets.org/members-of-congress/don-beyer/summary?cid=N00036018
N00044579,B000740,Stephanie,Bice,I.,stephanie-i-bice,https://www.opensecrets.org/members-of-congress/bice-stephanie/summary?cid=N00044579&cycle=2024
N00039293,B001302,Andy,Biggs,,andy-biggs,https://www.opensecrets.org/members-of-congress/andy-biggs/summary?cid=N00039293
N00054222,B001325,Sheri,Biggs,,sheri-biggs,https://www.opensecrets.org/members-of-congress/sheri-biggs/summary?cid=N00054222&cycle=2024
N00027462,B001257,Gus,Bilirakis,M.,gus-m-bilirakis,https://www.opensecrets.org/members-of-congress/bilirakis-gus/summary?cid=N00027462&cycle=2024
N00002674,B000490,Sanford,Bishop,D.,sanford-d-bishop,https://www.opensecrets.org/members-of-congress/bishop-sanford/summary?cid=N00002674&cycle=2024
N00003105,B001243,Marsha,Blackburn,,marsha-blackburn,https://www.opensecrets.org/members-of-congress/blackburn-marsha/summary?cid=N00003105&cycle=2024
N00031685,B001277,Richard,Blumenthal,,richard-blumenthal,https://www.opensecrets.org/members-of-congress/richard-blumenthal/summary?cid=N00031685
N00038414,B001303,Lisa,Blunt Rochester,,lisa-blunt-rochester,https://www.opensecrets.org/members-of-congress/lisa-blunt-rochester/summary?cid=N00038414&cycle=CAREER
N00045974,B000825,Lauren,Boebert,,lauren-boebert,https://www.opensecrets.org/members-of-congress/lauren-boebert/summary?cid=N00045974
N00033474,B001278,Suzanne,Bonamici,,suzanne-bonamici,https://www.opensecrets.org/members-of-congress/suzanne-bonamici/summary?cid=N00033474
N00035267,B001288,Cory,Booker,A.,,https://www.opensecrets.org/members-of-congress/cory-booker/summary?cid=N00035267&cycle=CAREER
N00013873,B001236,John,Boozman,,john-boozman,https://www.opensecrets.org/members-of-congress/john-boozman/summary?cid=N00013873
N00035420,B001295,Mike,Bost,,mike-bost,https://www.opensecrets.org/members-of-congress/mike-bost/summary?cid=N00035420
N00035307,B001296,Brendan,Boyle,F.,brendan-f-boyle,https://www.opensecrets.org/members-of-congress/boyle-brendan/summary?cid=N00035307&cycle=2024
N00051106,B001317,Josh,Brecheen,,josh-brecheen,https://www.opensecrets.org/members-of-congress/josh-brecheen/summary?cid=N00051106
N00053588,B001327,Robert,Bresnahan,P.,,https://www.opensecrets.org/members-of-congress/rob-bresnahan/summary?cid=N00053588&cycle=2024
N00048812,B001319,Katie Boyd,Britt,,katie-boyd-britt,https://www.opensecrets.org/members-of-congress/katie-britt/summary?cid=N00048812&cycle=2024
N00047875,B001313,Shontel,Brown,M.,shontel-m-brown,https://www.opensecrets.org/members-of-congress/brown-shontel/summary?cid=N00047875&cycle=2024
N00034254,B001285,Julia,Brownley,,julia-brownley,https://www.opensecrets.org/members-of-congress/julia-brownley/summary?cid=N00034254
N00027626,B001260,Vern,Buchanan,,vern-buchanan,https://www.opensecrets.org/members-of-congress/buchanan-vernon/summary?cid=N00027626&cycle=2024
N00039551,B001305,Ted,Budd,,ted-budd,https://www.opensecrets.org/members-of-congress/ted-budd/summary?cid=N00039551
N00049102,B001315,Nikki,Budzinski,,nikki-budzinski,https://www.opensecrets.org/members-of-congress/nikki-budzinski/summary?cid=N00049102
N00041594,B001309,Tim,Burchett,,tim-burchett,https://www.opensecrets.org/members-of-congress/tim-burchett/summary?cid=N00041594
N00049123,B001316,Eric,Burlison,,eric-burlison,https://www.opensecrets.org/members-of-congress/eric-burlison/summary?cid=N00049123
N00052777,B001326,Janelle,Bynum,S.,,https://www.opensecrets.org/members-of-congress/janelle-bynum/summary?cid=N00052777&cycle=2024 
N00007099,C000059,Ken,Calvert,,ken-calvert,https://www.opensecrets.org/members-of-congress/ken-calvert/summary?cid=N00007099
N00045978,C001039,Kat,Cammack,,kat-cammack,https://www.opensecrets.org/members-of-congress/kat-cammack/summary?cid=N00045978
N00007836,C000127,Maria,Cantwell,,maria-cantwell,https://www.opensecrets.org/members-of-congress/cantwell-maria/summary?cid=N00007836&cycle=2024
N00009771,C001047,Shelley Moore,Capito,,shelley-moore-capito,https://www.opensecrets.org/members-of-congress/capito-shelley-moore/summary?cid=N00009771&cycle=2024
N00037015,C001112,Salud,Carbajal,O.,salud-o-carbajal,https://www.opensecrets.org/members-of-congress/carbajal-salud/summary?cid=N00037015&cycle=2024
N00048568,C001126,Mike,Carey,,mike-carey,https://www.opensecrets.org/members-of-congress/mike-carey/summary?cid=N00048568
N00029513,C001072,André,Carson,,andre-carson,https://www.opensecrets.org/members-of-congress/andre-carson/summary?cid=N00029513
N00035346,C001103,Earl,Carter,L.,,https://www.opensecrets.org/members-of-congress/buddy-carter/summary?cid=N00035346
N00025095,C001051,John,Carter,R.,john-r-carter,https://www.opensecrets.org/members-of-congress/carter-john/summary?cid=N00025095&cycle=2024
N00025766,C001125,Troy,Carter,A.,troy-a-carter,https://www.opensecrets.org/members-of-congress/carter-troy/summary?cid=N00025766&cycle=2024
N00049855,C001131,Greg,Casar,,greg-casar,https://www.opensecrets.org/members-of-congress/greg-casar/summary?cid=N00049855
N00025882,C001055,Ed,Case,,ed-case,https://www.opensecrets.org/members-of-congress/ed-case/summary?cid=N00025882
N00030245,C001075,Bill,Cassidy,,bill-cassidy,https://www.opensecrets.org/members-of-congress/cassidy-bill/summary?cid=N00030245&cycle=2024
N00041338,C001117,Sean,Casten,,sean-casten,https://www.opensecrets.org/members-of-congress/sean-casten/summary?cid=N00041338
N00027514,C001066,Kathy,Castor,,kathy-castor,https://www.opensecrets.org/members-of-congress/kathy-castor/summary?cid=N00027514
N00033316,C001091,Joaquin,Castro,,joaquin-castro,https://www.opensecrets.org/members-of-congress/joaquin-castro/summary?cid=N00033316
N00043504,C001127,Sheila,Cherfilus-McCormick,,sheila-cherfilus-mccormick,https://www.opensecrets.org/members-of-congress/sheila-cherfilus-mccormick/summary?cid=N00043504
N00030600,C001080,Judy,Chu,,judy-chu,https://www.opensecrets.org/members-of-congress/judy-chu/summary?cid=N00030600
N00049039,C001133,Juan,Ciscomani,,juan-ciscomani,https://www.opensecrets.org/members-of-congress/juan-ciscomani/summary?cid=N00049039
N00041464,C001123,Gilbert,Cisneros,Ray,,https://www.opensecrets.org/members-of-congress/gil-cisneros/summary?cid=N00041464
N00035278,C001101,Katherine,Clark,M.,katherine-m-clark,https://www.opensecrets.org/members-of-congress/clark-katherine/summary?cid=N00035278&cycle=2024
N00026961,C001067,Yvette,Clarke,D.,yvette-d-clarke,https://www.opensecrets.org/members-of-congress/clarke-yvette/summary?cid=N00026961&cycle=2024
N00026790,C001061,Emanuel,Cleaver,,emanuel-cleaver,https://www.opensecrets.org/members-of-congress/emanuel-cleaver/summary?cid=N00026790
N00042296,C001118,Ben,Cline,,ben-cline,https://www.opensecrets.org/members-of-congress/ben-cline/summary?cid=N00042296
N00041882,C001115,Michael,Cloud,,michael-cloud,https://www.opensecrets.org/members-of-congress/michael-cloud/summary?cid=N00041882
N00002408,C000537,James,Clyburn,E.,,https://www.opensecrets.org/members-of-congress/james-e-clyburn/summary?cid=N00002408
N00046654,C001116,Andrew,Clyde,S.,andrew-s-clyde,https://www.opensecrets.org/members-of-congress/clyde-andrew/summary?cid=N00046654&cycle=2024
N00003225,C001068,Steve,Cohen,,steve-cohen,https://www.opensecrets.org/members-of-congress/steve-cohen/summary?cid=N00003225
N00025726,C001053,Tom,Cole,,tom-cole,https://www.opensecrets.org/members-of-congress/tom-cole/summary?cid=N00025726
N00035370,C001129,Mike,Collins,,mike-collins,https://www.opensecrets.org/members-of-congress/mike-collins/summary?cid=N00035370
N00000491,C001035,Susan,Collins,M.,,https://www.opensecrets.org/members-of-congress/susan-collins/summary?cid=N00000491
N00038260,C001108,James,Comer,,james-comer,https://www.opensecrets.org/members-of-congress/james-comer/summary?cid=N00038260
,C001136,Herbert,Conaway,C.,,
N00029891,C001078,Gerald,Connolly,E.,,https://www.opensecrets.org/members-of-congress/gerry-connolly/summary?cid=N00029891
N00031820,C001088,Christopher,Coons,A.,,https://www.opensecrets.org/members-of-congress/chris-coons/summary?cid=N00031820
N00024852,C001056,John,Cornyn,,john-cornyn,https://www.opensecrets.org/members-of-congress/cornyn-john/summary?cid=N00024852&cycle=2024
N00037260,C001110,J. Luis,Correa,,j-luis-correa,https://www.opensecrets.org/members-of-congress/correa-lou/summary?cid=N00037260&cycle=2024
N00037161,C001113,Catherine,Cortez Masto,,catherine-cortez-masto,https://www.opensecrets.org/members-of-congress/catherine-cortez-masto/summary?cid=N00037161
N00026341,C001059,Jim,Costa,,jim-costa,https://www.opensecrets.org/members-of-congress/jim-costa/summary?cid=N00026341
N00033363,C001095,Tom,Cotton,,tom-cotton,https://www.opensecrets.org/members-of-congress/cotton-tom/summary?cid=N00033363&cycle=2024
N00024842,C001069,Joe,Courtney,,joe-courtney,https://www.opensecrets.org/members-of-congress/joe-courtney/summary?cid=N00024842
N00037039,C001119,Angie,Craig,,angie-craig,https://www.opensecrets.org/members-of-congress/angie-craig/summary?cid=N00037039
N00004614,C001096,Kevin,Cramer,,kevin-cramer,https://www.opensecrets.org/members-of-congress/cramer-kevin/summary?cid=N00004614&cycle=2024
N00048953,C001132,Elijah,Crane,,elijah-crane,https://www.opensecrets.org/members-of-congress/crane-eli/summary?cid=N00048953&cycle=2024
N00028132,C001137,Jeff,Crank,,jeff-crank,https://www.opensecrets.org/members-of-congress/jeffrey-g-crank/summary?cid=N00028132&cycle=2024
N00006267,C000880,Mike,Crapo,,mike-crapo,https://www.opensecrets.org/members-of-congress/mike-crapo/summary?cid=N00006267
N00030770,C001087,Eric,Crawford,A.,,https://www.opensecrets.org/members-of-congress/summary?cid=N00030770
N00042224,C001120,Dan,Crenshaw,,dan-crenshaw,https://www.opensecrets.org/members-of-congress/dan-crenshaw/summary?cid=N00042224
N00049840,C001130,Jasmine,Crockett,,jasmine-crockett,https://www.opensecrets.org/members-of-congress/jasmine-crockett/summary?cid=N00049840
N00040876,C001121,Jason,Crow,,jason-crow,https://www.opensecrets.org/members-of-congress/jason-crow/summary?cid=N00040876
N00033085,C001098,Ted,Cruz,,ted-cruz,https://www.opensecrets.org/members-of-congress/cruz-ted/summary?cid=N00033085&cycle=2024
N00024978,C001063,Henry,Cuellar,,henry-cuellar,https://www.opensecrets.org/members-of-congress/henry-cuellar/summary?cid=N00024978
N00041221,C001114,John,Curtis,R.,john-r-curtis,https://www.opensecrets.org/members-of-congress/curtis-john/summary?cid=N00041221&cycle=2024
N00033054,D000618,Steve,Daines,,steve-daines,https://www.opensecrets.org/members-of-congress/daines-steven/summary?cid=N00033054&cycle=2024
N00042626,D000629,Sharice,Davids,,sharice-davids,https://www.opensecrets.org/members-of-congress/sharice-davids/summary?cid=N00042626
N00038767,D000626,Warren,Davidson,,warren-davidson,https://www.opensecrets.org/members-of-congress/warren-davidson/summary?cid=N00038767
N00004884,D000096,Danny,Davis,K.,,https://www.opensecrets.org/members-of-congress/rick-crawford/summary?cid=N00030770
N00049636,D000230,Donald,Davis,G.,,https://www.opensecrets.org/members-of-congress/don-davis/summary?cid=N00049636&cycle=2024
N00045793,D000594,Monica,De La Cruz,,monica-de-la-cruz,https://www.opensecrets.org/members-of-congress/monica-de-la-cruz/summary?cid=N00045793
N00042894,D000631,Madeleine,Dean,,madeleine-dean,https://www.opensecrets.org/members-of-congress/madeleine-dean/summary?cid=N00042894
N00006134,D000197,Diana,DeGette,,diana-degette,https://www.opensecrets.org/members-of-congress/diana-degette/summary?cid=N00006134
N00000615,D000216,Rosa,DeLauro,L.,rosa-l-delauro,https://www.opensecrets.org/members-of-congress/delauro-rosa/summary?cid=N00000615&cycle=2024
N00030693,D000617,Suzan,DelBene,K.,suzan-k-delbene,https://www.opensecrets.org/members-of-congress/delbene-suzan/summary?cid=N00030693&cycle=2024
N00049160,D000530,Christopher,Deluzio,R.,christopher-r-deluzio,https://www.opensecrets.org/members-of-congress/deluzio-christopher/summary?cid=N00049160&cycle=2024
N00030709,D000623,Mark,DeSaulnier,,mark-desaulnier,https://www.opensecrets.org/members-of-congress/mark-desaulnier/summary?cid=N00030709
N00030957,D000616,Scott,DesJarlais,,scott-desjarlais,https://www.opensecrets.org/members-of-congress/scott-desjarlais/summary?cid=N00030957
N00054144,D000635,Maxine,Dexter,,maxine-dexter,https://www.opensecrets.org/members-of-congress/maxine-dexter/summary?cid=N00054144&cycle=2024
N00025337,D000600,Mario,Diaz-Balart,,mario-diaz-balart,https://www.opensecrets.org/members-of-congress/mario-diaz-balart/summary?cid=N00025337
N00036149,D000624,Debbie,Dingell,,debbie-dingell,https://www.opensecrets.org/members-of-congress/debbie-dingell/summary?cid=N00036149
N00006023,D000399,Lloyd,Doggett,,lloyd-doggett,https://www.opensecrets.org/members-of-congress/lloyd-doggett/summary?cid=N00006023
N00034016,D000032,Byron,Donalds,,byron-donalds,https://www.opensecrets.org/members-of-congress/byron-donalds/summary?cid=N00034016
N00041283,D000634,Troy,Downing,,troy-downing,https://www.opensecrets.org/members-of-congress/summary?cid=N00041283&cycle=2024
N00027860,D000622,Tammy,Duckworth,,tammy-duckworth,https://www.opensecrets.org/members-of-congress/tammy-duckworth/summary?cid=N00027860
N00037442,D000628,Neal,Dunn,P.,neal-p-dunn,https://www.opensecrets.org/members-of-congress/dunn-neal/summary?cid=N00037442&cycle=2024
N00004981,D000563,Richard,Durbin,J.,,https://www.opensecrets.org/members-of-congress/dick-durbin/summary?cid=N00004981&cycle=2024
N00049670,E000246,Chuck,Edwards,,chuck-edwards,https://www.opensecrets.org/members-of-congress/chuck-edwards/summary?cid=N00049670
N00053710,E000301,Sarah,Elfreth,,sarah-elfreth,https://www.opensecrets.org/members-of-congress/sarah-kelly-elfreth/summary?cid=N00053710&cycle=2024
N00042243,E000071,Jake,Ellzey,,jake-ellzey,https://www.opensecrets.org/members-of-congress/jake-ellzey/summary?cid=N00042243
N00035440,E000294,Tom,Emmer,,tom-emmer,https://www.opensecrets.org/members-of-congress/tom-emmer/summary?cid=N00035440
N00035483,E000295,Joni,Ernst,,joni-ernst,https://www.opensecrets.org/members-of-congress/ernst-joni/summary?cid=N00035483&cycle=2024
N00041702,E000299,Veronica,Escobar,,veronica-escobar,https://www.opensecrets.org/members-of-congress/veronica-escobar/summary?cid=N00041702
N00034549,E000297,Adriano,Espaillat,,adriano-espaillat,https://www.opensecrets.org/members-of-congress/adriano-espaillat/summary?cid=N00034549
N00040712,E000298,Ron,Estes,,ron-estes,https://www.opensecrets.org/members-of-congress/ron-estes/summary?cid=N00040712
N00038450,E000296,Dwight,Evans,,dwight-evans,https://www.opensecrets.org/members-of-congress/dwight-evans/summary?cid=N00038450
N00053312,E000300,Gabe,Evans,,gabe-evans,https://www.opensecrets.org/members-of-congress/timothy-gabriel-joseph-evans/summary?cid=N00053312&cycle=2024
N00048240,E000235,Mike,Ezell,,mike-ezell,https://www.opensecrets.org/members-of-congress/mike-ezell/summary?cid=N00048240
N00047264,F000246,Pat,Fallon,,pat-fallon,https://www.opensecrets.org/members-of-congress/fallon-patrick/summary?cid=N00047264&cycle=2024
N00054800,F000482,Julie,Fedorchak,,julie-fedorchak,https://www.opensecrets.org/members-of-congress/julie-fedorchak/summary?cid=N00054800&cycle=2024
N00044011,F000446,Randy,Feenstra,,randy-feenstra,https://www.opensecrets.org/members-of-congress/randy-feenstra/summary?cid=N00044011
N00038201,F000479,John,Fetterman,,john-fetterman,https://www.opensecrets.org/members-of-congress/john-fetterman/summary?cid=N00038201
N00005398,F000110,Cleo,Fields,,cleo-fields,https://www.opensecrets.org/members-of-congress/cleo-fields/summary?cid=N00005398&cycle=2024
N00053909,F000481,Shomari,Figures,,shomari-figures,https://www.opensecrets.org/members-of-congress/shomari-c-figures/summary?cid=N00053909&cycle=2024
,F000484,Randy,Fine,,randy-fine,https://www.opensecrets.org/officeholders/randy-fine/summary?cycle=2021&id=41676813
N00050649,F000475,Brad,Finstad,,brad-finstad,https://www.opensecrets.org/members-of-congress/brad-finstad/summary?cid=N00050649
N00045251,F000470,Michelle,Fischbach,,michelle-fischbach,https://www.opensecrets.org/members-of-congress/michelle-fischbach/summary?cid=N00045251
N00033443,F000463,Deb,Fischer,,deb-fischer,https://www.opensecrets.org/members-of-congress/fischer-deb/summary?cid=N00033443&cycle=2024
N00045434,F000471,Scott,Fitzgerald,,scott-fitzgerald,https://www.opensecrets.org/members-of-congress/scott-fitzgerald/summary?cid=N00045434
N00038779,F000466,Brian,Fitzpatrick,K.,brian-k-fitzpatrick,https://www.opensecrets.org/members-of-congress/fitzpatrick-brian/summary?cid=N00038779&cycle=2024
N00030815,F000459,Charles,Fleischmann,J.,,https://www.opensecrets.org/members-of-congress/chuck-fleischmann/summary?cid=N00030815
N00041194,F000468,Lizzie,Fletcher,,lizzie-fletcher,https://www.opensecrets.org/members-of-congress/lizzie-fletcher/summary?cid=N00041194
N00050145,F000474,Mike,Flood,,mike-flood,https://www.opensecrets.org/members-of-congress/mike-flood/summary?cid=N00050145
N00054216,F000480,Vince,Fong,,vince-fong,https://www.opensecrets.org/members-of-congress/fong-vince/summary?cid=N00054216&cycle=2024
N00029139,F000454,Bill,Foster,,bill-foster,https://www.opensecrets.org/members-of-congress/bill-foster/summary?cid=N00029139
N00049652,F000477,Valerie,Foushee,P.,valerie-p-foushee,https://www.opensecrets.org/members-of-congress/valerie-foushee/summary?cid=N00049652
N00026166,F000450,Virginia,Foxx,,virginia-foxx,https://www.opensecrets.org/members-of-congress/virginia-foxx/summary?cid=N00026166
N00002893,F000462,Lois,Frankel,,lois-frankel,https://www.opensecrets.org/members-of-congress/lois-frankel/summary?cid=N00002893
N00046760,F000472,Scott,Franklin,,scott-franklin,https://www.opensecrets.org/members-of-congress/scott-franklin/summary?cid=N00046760
N00030815,F000483,Laura,Friedman,,laura-friedman,https://www.opensecrets.org/members-of-congress/fleischmann-chuck/summary?cid=N00030815&cycle=2024
N00049075,F000476,Maxwell,Frost,,maxwell-frost,https://www.opensecrets.org/members-of-congress/maxwell-frost/summary?cid=N00049075
N00049165,F000478,Russell,Fry,,russell-fry,https://www.opensecrets.org/members-of-congress/russell-fry/summary?cid=N00049165
N00041335,F000469,Russ,Fulcher,,russ-fulcher,https://www.opensecrets.org/members-of-congress/russ-fulcher/summary?cid=N00041335
N00036097,G000574,Ruben,Gallego,,ruben-gallego,https://www.opensecrets.org/members-of-congress/ruben-gallego/summary?cid=N00036097
N00030856,G000559,John,Garamendi,,john-garamendi,https://www.opensecrets.org/members-of-congress/john-garamendi/summary?cid=N00030856
N00046030,G000597,Andrew,Garbarino,R.,andrew-r-garbarino,https://www.opensecrets.org/members-of-congress/garbarino-andrew/summary?cid=N00046030&cycle=2024
N00049470,G000598,Robert,Garcia,,robert-garcia,https://www.opensecrets.org/members-of-congress/robert-garcia/summary?cid=N00049470
N00042282,G000587,Sylvia,Garcia,R.,sylvia-r-garcia,https://www.opensecrets.org/members-of-congress/garcia-sylvia/summary?cid=N00042282&cycle=2024
N00042114,G000586,Jesus,Garcia,,jess-g-chuy-garca,https://www.opensecrets.org/members-of-congress/jesus-garcia/summary?cid=N00042114
N00054402,G000603,Brandon,Gill,,brandon-gill,https://www.opensecrets.org/members-of-congress/brandon-gill/summary?cid=N00054402&cycle=2024
N00050425,G000602,Laura,Gillen,,laura-gillen,https://www.opensecrets.org/members-of-congress/laura-gillen/summary?cid=N00050425
N00027658,G000555,Kirsten,Gillibrand,E.,,https://www.opensecrets.org/members-of-congress/summary?cid=N00027658
N00046394,G000593,Carlos,Gimenez,A.,carlos-a-gimenez,https://www.opensecrets.org/members-of-congress/gimenez-carlos/summary?cid=N00046394&cycle=2024
N00041668,G000592,Jared,Golden,F.,jared-f-golden,https://www.opensecrets.org/members-of-congress/golden-jared/summary?cid=N00041668&cycle=2024
,G000601,Craig,Goldman,A.,,
N00051424,G000599,Daniel,Goldman,S.,,https://www.opensecrets.org/members-of-congress/summary?cid=N00051424
N00040597,G000585,Jimmy,Gomez,,jimmy-gomez,https://www.opensecrets.org/members-of-congress/jimmy-gomez/summary?cid=N00040597
N00044592,G000594,Tony,Gonzales,,tony-gonzales,https://www.opensecrets.org/members-of-congress/tony-gonzales/summary?cid=N00044592
N00038809,G000581,Vicente,Gonzalez,,vicente-gonzalez,https://www.opensecrets.org/members-of-congress/vicente-gonzalez/summary?cid=N00038809
N00042237,G000589,Lance,Gooden,,lance-gooden,https://www.opensecrets.org/members-of-congress/lance-gooden/summary?cid=N00042237
N00055218,G000604,Maggie,Goodlander,,maggie-goodlander,https://www.opensecrets.org/members-of-congress/maggie-goodlander/summary?cid=N00055218&cycle=2024
N00030771,G000565,Paul,Gosar,A.,paul-a-gosar,https://www.opensecrets.org/members-of-congress/gosar-paul/summary?cid=N00030771&cycle=2024
N00036944,G000583,Josh,Gottheimer,,josh-gottheimer,https://www.opensecrets.org/members-of-congress/josh-gottheimer/summary?cid=N00036944
N00009975,G000359,Lindsey,Graham,,lindsey-graham,https://www.opensecrets.org/members-of-congress/graham-lindsey/summary?cid=N00009975&cycle=2024
N00001758,G000386,Chuck,Grassley,,chuck-grassley,https://www.opensecrets.org/members-of-congress/chuck-grassley/summary?cid=N00001758
N00013323,G000546,Sam,Graves,,sam-graves,https://www.opensecrets.org/members-of-congress/sam-graves/summary?cid=N00013323
N00050061,G000605,Adam,Gray,,adam-gray,https://www.opensecrets.org/members-of-congress/adam-gray/summary?cid=N00050061
N00026686,G000553,Al,Green,,al-green,https://www.opensecrets.org/members-of-congress/al-green/summary?cid=N00026686
N00041873,G000590,Mark,Green,E.,mark-e-green,https://www.opensecrets.org/members-of-congress/green-mark/summary?cid=N00041873&cycle=2024
N00044701,G000596,Marjorie Taylor,Greene,,marjorie-taylor-greene,https://www.opensecrets.org/members-of-congress/marjorie-taylor-greene/summary?cid=N00044701
N00032029,G000568,H. Morgan,Griffith,,h-morgan-griffith,https://www.opensecrets.org/members-of-congress/griffith-morgan/summary?cid=N00032029&cycle=2024
N00025284,G000551,Raul,Grijalva,,,https://www.opensecrets.org/members-of-congress/summary?cid=N00025284
N00036409,G000576,Glenn,Grothman,,glenn-grothman,https://www.opensecrets.org/members-of-congress/glenn-grothman/summary?cid=N00036409
N00042458,G000591,Michael,Guest,,michael-guest,https://www.opensecrets.org/members-of-congress/michael-guest/summary?cid=N00042458
N00029675,G000558,Brett,Guthrie,,brett-guthrie,https://www.opensecrets.org/members-of-congress/brett-guthrie/summary?cid=N00029675
N00049197,H001096,Harriet,Hageman,M.,harriet-m-hageman,https://www.opensecrets.org/members-of-congress/hageman-harriet/summary?cid=N00049197&cycle=2024
N00045369,H000601,Bill,Hagerty,,bill-hagerty,https://www.opensecrets.org/members-of-congress/hagerty-bill/summary?cid=N00045369&cycle=2024
N00053795,H001098,Abraham,Hamadeh,J.,,https://www.opensecrets.org/members-of-congress/abraham-hamadeh/summary?cid=N00053795&cycle=2024 
N00040853,H001090,Josh,Harder,,josh-harder,https://www.opensecrets.org/members-of-congress/josh-harder/summary?cid=N00040853
N00033076,H001099,Mike,Haridopolos,,mike-haridopolos,https://www.opensecrets.org/members-of-congress/mike-haridopolos/summary?cid=N00033076&cycle=2024
N00050144,H001101,Pat,Harrigan,,pat-harrigan,https://www.opensecrets.org/members-of-congress/pat-harrigan/summary?cid=N00050144
N00029147,H001052,Andy,Harris,,andy-harris,https://www.opensecrets.org/members-of-congress/andy-harris/summary?cid=N00029147
N00039106,H001102,Mark,Harris,,mark-harris,https://www.opensecrets.org/members-of-congress/mark-harris/summary?cid=N00035491
N00046688,H001086,Diana,Harshbarger,,diana-harshbarger,https://www.opensecrets.org/members-of-congress/diana-harshbarger/summary?cid=N00046688
N00038397,H001076,Margaret Wood,Hassan,,margaret-wood-hassan,https://www.opensecrets.org/members-of-congress/hassan-maggie/summary?cid=N00038397&cycle=2024
N00041620,H001089,Josh,Hawley,,josh-hawley,https://www.opensecrets.org/members-of-congress/hawley-josh/summary?cid=N00041620&cycle=2024
N00043421,H001081,Jahana,Hayes,,jahana-hayes,https://www.opensecrets.org/members-of-congress/jahana-hayes/summary?cid=N00043421
N00029835,H001046,Martin,Heinrich,,martin-heinrich,https://www.opensecrets.org/members-of-congress/heinrich-martin/summary?cid=N00029835&cycle=2024
N00040829,H001082,Kevin,Hern,,kevin-hern,https://www.opensecrets.org/members-of-congress/kevin-hern/summary?cid=N00040829
,H001103,Pablo,Hernández,Jose,,
N00044206,H000273,John,Hickenlooper,W.,,https://www.opensecrets.org/members-of-congress/summary?cid=N00044206
N00039953,H001077,Clay,Higgins,,clay-higgins,https://www.opensecrets.org/members-of-congress/clay-higgins/summary?cid=N00039953
N00035792,H001072,J. French,Hill,,j-french-hill,https://www.opensecrets.org/members-of-congress/hill-french/summary?cid=N00035792&cycle=2024
N00029070,H001047,James,Himes,A.,,https://www.opensecrets.org/members-of-congress/summary?cid=N00029070
N00044521,H001091,Ashley,Hinson,,ashley-hinson,https://www.opensecrets.org/members-of-congress/ashley-hinson/summary?cid=N00044521
N00028139,H001042,Mazie,Hirono,K.,,https://www.opensecrets.org/members-of-congress/summary?cid=N00028139
N00031688,H001061,John,Hoeven,,john-hoeven,https://www.opensecrets.org/members-of-congress/john-hoeven/summary?cid=N00031688
N00033638,H001066,Steven,Horsford,,steven-horsford,https://www.opensecrets.org/members-of-congress/steven-horsford/summary?cid=N00033638
N00037427,H001093,Erin,Houchin,,erin-houchin,https://www.opensecrets.org/members-of-congress/erin-houchin/summary?cid=N00037427
N00040949,H001085,Chrissy,Houlahan,,chrissy-houlahan,https://www.opensecrets.org/members-of-congress/chrissy-houlahan/summary?cid=N00040949
N00001821,H000874,Steny,Hoyer,H.,,https://www.opensecrets.org/members-of-congress/summary?cid=N00001821
N00049734,H001094,Val,Hoyle,T.,val-t-hoyle,https://www.opensecrets.org/members-of-congress/hoyle-val/summary?cid=N00049734&cycle=2024
N00033630,H001067,Richard,Hudson,,richard-hudson,https://www.opensecrets.org/members-of-congress/richard-hudson/summary?cid=N00033630
N00033030,H001068,Jared,Huffman,,jared-huffman,https://www.opensecrets.org/members-of-congress/jared-huffman/summary?cid=N00033030
N00030673,H001058,Bill,Huizenga,,bill-huizenga,https://www.opensecrets.org/members-of-congress/bill-huizenga/summary?cid=N00030673
N00044362,H001095,Wesley,Hunt,,wesley-hunt,https://www.opensecrets.org/members-of-congress/wesley-hunt/summary?cid=N00044362
N00042224,H001100,Jeff,Hurd,,jeff-hurd,https://www.opensecrets.org/members-of-congress/jeffrey-hurd/summary?cid=N00053367&cycle=2024
,H001104,Jon,Husted,,jon-husted,https://www.opensecrets.org/officeholders/jon-husted/summary?cycle=2024&id=2753619
N00043298,H001079,Cindy,Hyde-Smith,,cindy-hyde-smith,https://www.opensecrets.org/members-of-congress/hyde-smith-cindy/summary?cid=N00043298&cycle=2024
N00007017,I000056,Darrell,Issa,,darrell-issa,https://www.opensecrets.org/members-of-congress/darrell-issa/summary?cid=N00007017
N00033749,I000058,Glenn,Ivey,,glenn-ivey,https://www.opensecrets.org/members-of-congress/glenn-ivey/summary?cid=N00033749
N00055118,J000311,Brian,Jack,,brian-jack,https://www.opensecrets.org/members-of-congress/brian-jack/summary?cid=N00055118&cycle=2024
N00050105,J000309,Jonathan,Jackson,L.,,https://www.opensecrets.org/members-of-congress/summary?cid=N00050105
N00046055,J000304,Ronny,Jackson,,ronny-jackson,https://www.opensecrets.org/members-of-congress/ronny-jackson/summary?cid=N00046055
N00042081,J000305,Sara,Jacobs,,sara-jacobs,https://www.opensecrets.org/members-of-congress/sara-jacobs/summary?cid=N00042081
N00041550,J000307,John,James,,john-james,https://www.opensecrets.org/members-of-congress/john-james/summary?cid=N00041550
N00038858,J000298,Pramila,Jayapal,,pramila-jayapal,https://www.opensecrets.org/members-of-congress/pramila-jayapal/summary?cid=N00038858
N00033640,J000294,Hakeem,Jeffries,S.,hakeem-s-jeffries,https://www.opensecrets.org/members-of-congress/jeffries-hakeem/summary?cid=N00033640&cycle=2024
N00040559,J000301,Dusty,Johnson,,dusty-johnson,https://www.opensecrets.org/members-of-congress/dusty-johnson/summary?cid=N00040559
N00027848,J000288,Henry,Johnson,C.,,https://www.opensecrets.org/members-of-congress/summary?cid=N00027848
N00052806,J000310,Julie,Johnson,,julie-johnson,https://www.opensecrets.org/members-of-congress/julie-johnson/summary?cid=N00052806&cycle=2024
N00039106,J000299,Mike,Johnson,,mike-johnson,https://www.opensecrets.org/members-of-congress/mike-johnson/summary?cid=N00039106
N00032546,J000293,Ron,Johnson,,ron-johnson,https://www.opensecrets.org/members-of-congress/ron-johnson/summary?cid=N00032546
N00027894,J000289,Jim,Jordan,,jim-jordan,https://www.opensecrets.org/members-of-congress/jim-jordan/summary?cid=N00027894
N00035007,J000295,David,Joyce,P.,,https://www.opensecrets.org/members-of-congress/summary?cid=N00035007
N00043242,J000302,John,Joyce,,john-joyce,https://www.opensecrets.org/members-of-congress/john-joyce/summary?cid=N00043242
N00053062,J000312,James,Justice,C.,,https://www.opensecrets.org/members-of-congress/jim-justice/summary?cid=N00053062
N00033177,K000384,Tim,Kaine,,tim-kaine,https://www.opensecrets.org/members-of-congress/kaine-tim/summary?cid=N00033177&cycle=2024
N00049460,K000400,Sydney,Kamlager-Dove,,sydney,https://www.opensecrets.org/members-of-congress/kamlager-sydney/summary?cid=N00049460&cycle=2024
N00003522,K000009,Marcy,Kaptur,,marcy-kaptur,https://www.opensecrets.org/members-of-congress/marcy-kaptur/summary?cid=N00003522
N00027502,K000398,Thomas,Kean,H.,,https://www.opensecrets.org/members-of-congress/summary?cid=N00027502
N00031933,K000375,William,Keating,R.,,https://www.opensecrets.org/members-of-congress/summary?cid=N00031933
N00044223,K000377,Mark,Kelly,E.,mark-kelly,https://www.opensecrets.org/members-of-congress/mark-kelly/summary?cid=N00044223
N00031647,K000376,Mike,Kelly,,mike-kelly,https://www.opensecrets.org/members-of-congress/mike-kelly/summary?cid=N00031647
N00035215,K000385,Robin,Kelly,L.,robin-l-kelly,https://www.opensecrets.org/members-of-congress/kelly-robin/summary?cid=N00035215&cycle=2024
N00037003,K000388,Trent,Kelly,,trent-kelly,https://www.opensecrets.org/members-of-congress/trent-kelly/summary?cid=N00037003
N00026823,K000393,John,Kennedy,,john-kennedy,https://www.opensecrets.org/members-of-congress/john-kennedy/summary?cid=N00026823
N00043086,K000403,Mike,Kennedy,,mike-kennedy,https://www.opensecrets.org/members-of-congress/mike-kennedy/summary?cid=N00043086&cycle=2024
N00054366,K000402,Timothy,Kennedy,M.,,https://www.opensecrets.org/members-of-congress/summary?cid=N00054366
N00026427,K000389,Ro,Khanna,,ro-khanna,https://www.opensecrets.org/members-of-congress/ro-khanna/summary?cid=N00026427
N00048315,K000399,Jennifer,Kiggans,A.,,https://www.opensecrets.org/members-of-congress/summary?cid=N00048315
N00050259,K000401,Kevin,Kiley,,kevin-kiley,https://www.opensecrets.org/members-of-congress/kevin-kiley/summary?cid=N00050259
N00041370,K000394,Andy,Kim,,andy-kim,https://www.opensecrets.org/members-of-congress/andy-kim/summary?cid=N00041370
N00042386,K000397,Young,Kim,,young-kim,https://www.opensecrets.org/members-of-congress/young-kim/summary?cid=N00042386
N00034580,K000383,Angus,King,S.,,https://www.opensecrets.org/members-of-congress/summary?cid=N00034580
,K000404,Kimberlyn,King-Hinds,,,
N00027500,K000367,Amy,Klobuchar,,amy-klobuchar,https://www.opensecrets.org/members-of-congress/klobuchar-amy/summary?cid=N00027500&cycle=2024
N00053743,K000405,Brad,Knott,,brad-knott,https://www.opensecrets.org/members-of-congress/brad-knott/summary?cid=N00053743&cycle=2024
N00033240,K000391,Raja,Krishnamoorthi,,raja-krishnamoorthi,https://www.opensecrets.org/members-of-congress/raja-krishnamoorthi/summary?cid=N00033240
N00025445,K000392,David,Kustoff,,david-kustoff,https://www.opensecrets.org/members-of-congress/david-kustoff/summary?cid=N00025445
N00037031,L000585,Darin,LaHood,,darin-lahood,https://www.opensecrets.org/members-of-congress/darin-lahood/summary?cid=N00037031
N00050419,L000598,Nick,LaLota,,nick-lalota,https://www.opensecrets.org/members-of-congress/nick-lalota/summary?cid=N00045921&cycle=2024
N00033987,L000578,Doug,LaMalfa,,doug-lamalfa,https://www.opensecrets.org/members-of-congress/doug-lamalfa/summary?cid=N00033987
N00049718,L000601,Greg,Landsman,,greg-landsman,https://www.opensecrets.org/members-of-congress/greg-landsman/summary?cid=N00049718
N00051431,L000600,Nicholas,Langworthy,A.,,https://www.opensecrets.org/members-of-congress/summary?cid=N00051431
N00031129,L000575,James,Lankford,,james-lankford,https://www.opensecrets.org/members-of-congress/james-lankford/summary?cid=N00031129
N00009759,L000560,Rick,Larsen,,rick-larsen,https://www.opensecrets.org/members-of-congress/rick-larsen/summary?cid=N00009759
N00000575,L000557,John,Larson,B.,john-b-larson,https://www.opensecrets.org/members-of-congress/larson-john/summary?cid=N00000575&cycle=2024
N00035825,L000606,George,Latimer,,george-latimer,https://www.opensecrets.org/campaign-expenditures/vendor?cycle=2024&vendor=George+Latimer+for+Congress
N00012233,L000566,Robert,Latta,E.,,https://www.opensecrets.org/members-of-congress/summary?cid=N00012233
N00051208,L000599,Michael,Lawler,,michael-lawler,https://www.opensecrets.org/members-of-congress/mike-lawler/summary?cid=N00051208
N00051178,L000597,Laurel,Lee,M.,laurel-m-lee,https://www.opensecrets.org/members-of-congress/lee-laurel/summary?cid=N00051178&cycle=2024
N00031696,L000577,Mike,Lee,,mike-lee,https://www.opensecrets.org/members-of-congress/mike-lee/summary?cid=N00031696
N00049757,L000602,Summer,Lee,L.,summer-l-lee,https://www.opensecrets.org/members-of-congress/lee-summer/summary?cid=N00049757&cycle=2024
N00037247,L000590,Susie,Lee,,susie-lee,https://www.opensecrets.org/members-of-congress/susie-lee/summary?cid=N00037247
N00044559,L000273,Teresa,Leger Fernandez,,teresa-leger-fernandez,https://www.opensecrets.org/members-of-congress/teresa-leger-fernandez/summary?cid=N00044559
N00047972,L000595,Julia,Letlow,,julia-letlow,https://www.opensecrets.org/members-of-congress/julia-letlow/summary?cid=N00047972
N00040667,L000593,Mike,Levin,,mike-levin,https://www.opensecrets.org/members-of-congress/mike-levin/summary?cid=N00040667
N00054265,L000607,Sam,Liccardo,T.,,https://www.opensecrets.org/members-of-congress/summary?cid=N00054265
N00035825,L000582,Ted,Lieu,,ted-lieu,https://www.opensecrets.org/members-of-congress/ted-lieu/summary?cid=N00035825
N00007479,L000397,Zoe,Lofgren,,zoe-lofgren,https://www.opensecrets.org/members-of-congress/zoe-lofgren/summary?cid=N00007479
N00035347,L000583,Barry,Loudermilk,,barry-loudermilk,https://www.opensecrets.org/members-of-congress/barry-loudermilk/summary?cid=N00035347
N00005559,L000491,Frank,Lucas,D.,,https://www.opensecrets.org/members-of-congress/summary?cid=N00005559
N00029571,L000570,Ben Ray,Luján,,ben-ray-lujan,https://www.opensecrets.org/members-of-congress/lujan-ben-ray/summary?cid=N00029562&cycle=2024
N00029788,L000571,Cynthia,Lummis,M.,,https://www.opensecrets.org/members-of-congress/summary?cid=N00029788
N00045228,L000596,Anna Paulina,Luna,,anna-paulina-luna,https://www.opensecrets.org/members-of-congress/anna-paulina-luna/summary?cid=N00045228
N00048776,L000603,Morgan,Luttrell,,morgan-luttrell,https://www.opensecrets.org/members-of-congress/morgan-luttrell/summary?cid=N00048776
N00013855,L000562,Stephen,Lynch,F.,stephen-f-lynch,https://www.opensecrets.org/members-of-congress/lynch-stephen/summary?cid=N00013855&cycle=2024
N00035670,M000194,Nancy,Mace,,nancy-mace,https://www.opensecrets.org/members-of-congress/nancy-mace/summary?cid=N00035670
N00041866,M001230,Ryan,Mackenzie,,ryan-mackenzie,https://www.opensecrets.org/members-of-congress/ryan-mackenzie/summary?cid=N00041866&cycle=2024
N00050458,M001223,Seth,Magaziner,,seth-magaziner,https://www.opensecrets.org/members-of-congress/seth-magaziner/summary?cid=N00050458
N00044040,M000317,Nicole,Malliotakis,,nicole-malliotakis,https://www.opensecrets.org/members-of-congress/nicole-malliotakis/summary?cid=N00044040
N00052817,M001228,Celeste,Maloy,,celeste-maloy,https://www.opensecrets.org/members-of-congress/celeste-maloy/summary?cid=N00052817
N00030743,M000871,Tracey,Mann,,tracey-mann,https://www.opensecrets.org/members-of-congress/tracey-mann/summary?cid=N00030743
N00053112,M001231,John,Mannion,W.,,https://www.opensecrets.org/members-of-congress/summary?cid=N00053112
N00000270,M000133,Edward,Markey,J.,,https://www.opensecrets.org/members-of-congress/summary?cid=N00000270
N00037034,M001198,Roger,Marshall,,roger-marshall,https://www.opensecrets.org/members-of-congress/marshall-roger/summary?cid=N00037034&cycle=2024
N00034041,M001184,Thomas,Massie,,thomas-massie,https://www.opensecrets.org/members-of-congress/thomas-massie/summary?cid=N00034041
N00037269,M001199,Brian,Mast,J.,brian-j-mast,https://www.opensecrets.org/members-of-congress/mast-brian/summary?cid=N00037269&cycle=2024
N00027459,M001163,Doris,Matsui,O.,doris-o-matsui,https://www.opensecrets.org/members-of-congress/matsui-doris/summary?cid=N00027459&cycle=2024
N00042813,M001208,Lucy,McBath,,lucy-mcbath,https://www.opensecrets.org/members-of-congress/lucy-mcbath/summary?cid=N00042813
N00052698,M001238,Sarah,McBride,,sarah-mcbride,https://www.opensecrets.org/members-of-congress/sarah-mcbride/summary?cid=N00052698&cycle=2024
N00026460,M001157,Michael,McCaul,T.,michael-t-mccaul,https://www.opensecrets.org/members-of-congress/mccaul-michael/summary?cid=N00026460&cycle=2024
N00045730,M001136,Lisa,McClain,C.,lisa-c-mcclain,https://www.opensecrets.org/members-of-congress/mcclain-lisa/summary?cid=N00045730&cycle=2024
N00053899,M001232,April,McClain Delaney,,april-mcclain-delaney,https://www.opensecrets.org/members-of-congress/april-mcclain-delaney/summary?cid=N00053899&cycle=2024
N00051961,M001227,Jennifer,McClellan,L.,,https://www.opensecrets.org/members-of-congress/summary?cid=N00051961
N00006863,M001177,Tom,McClintock,,tom-mcclintock,https://www.opensecrets.org/members-of-congress/tom-mcclintock/summary?cid=N00006863
N00012942,M001143,Betty,McCollum,,betty-mccollum,https://www.opensecrets.org/members-of-congress/betty-mccollum/summary?cid=N00012942
N00003389,M000355,Mitch,McConnell,,mitch-mcconnell,https://www.opensecrets.org/members-of-congress/mcconnell-mitch/summary?cid=N00003389&cycle=2024
,M001243,David,McCormick,,david-mccormick,
N00044520,M001218,Richard,McCormick,,richard-mccormick,https://www.opensecrets.org/members-of-congress/richard-mccormick/summary?cid=N00044520
N00054163,M001237,Kristen,McDonald Rivet,,kristen-mcdonald-rivet,https://www.opensecrets.org/members-of-congress/summary?cid=N00054163
N00054055,M001240,Addison,McDowell,P.,,https://www.opensecrets.org/members-of-congress/summary?cid=N00054055
N00049295,M001220,Morgan,McGarvey,,morgan-mcgarvey,https://www.opensecrets.org/members-of-congress/morgan-mcgarvey/summary?cid=N00049295
N00000179,M000312,James,McGovern,P.,,https://www.opensecrets.org/members-of-congress/summary?cid=N00000179
N00045930,M001239,John,McGuire,J.,,https://www.opensecrets.org/members-of-congress/summary?cid=N00045930
N00055172,M001229,LaMonica,McIver,,lamonica-mciver,https://www.opensecrets.org/members-of-congress/mciver-lamonica/summary?cid=N00055172&cycle=2024
N00001171,M001137,Gregory,Meeks,W.,gregory-w-meeks,https://www.opensecrets.org/members-of-congress/meeks-gregory/summary?cid=N00001171&cycle=2024
N00049686,M001226,Robert,Menendez,,robert-menendez,https://www.opensecrets.org/members-of-congress/menendez-rob/summary?cid=N00049686&cycle=2024
N00034547,M001188,Grace,Meng,,grace-meng,https://www.opensecrets.org/members-of-congress/grace-meng/summary?cid=N00034547
N00029303,M001176,Jeff,Merkley,,jeff-merkley,https://www.opensecrets.org/members-of-congress/merkley-jeff/summary?cid=N00029303&cycle=2024
N00054523,M001233,Mark,Messmer,B.,,https://www.opensecrets.org/members-of-congress/mark-messmer/summary?cid=N00054523
N00029416,M001204,Daniel,Meuser,,daniel-meuser,https://www.opensecrets.org/members-of-congress/meuser-dan/summary?cid=N00029416&cycle=2024
N00001799,M000687,Kweisi,Mfume,,kweisi-mfume,https://www.opensecrets.org/members-of-congress/kweisi-mfume/summary?cid=N00001799
N00041542,M001205,Carol,Miller,D.,carol-d-miller,https://www.opensecrets.org/members-of-congress/miller-carol/summary?cid=N00041542&cycle=2024
N00045703,M001211,Mary,Miller,E.,mary-e-miller,https://www.opensecrets.org/members-of-congress/miller-mary/summary?cid=N00045703&cycle=2024
N00048277,M001222,Max,Miller,L.,max-l-miller,https://www.opensecrets.org/members-of-congress/miller-max/summary?cid=N00048277&cycle=2024
N00029495,M001215,Mariannette,Miller-Meeks,,mmiller-meeks,https://www.opensecrets.org/members-of-congress/miller-meeks-mariannette/summary?cid=N00029495&cycle=2024
N00048179,M001216,Cory,Mills,,cory-mills,https://www.opensecrets.org/members-of-congress/cory-mills/summary?cid=N00048179
N00040866,M001241,Dave,Min,,dave-min,https://www.opensecrets.org/members-of-congress/dave-min/summary?cid=N00040866&cycle=2024
,M001244,Ashley,Moody,,ashley-moody,
N00036275,M001194,John,Moolenaar,R.,john-r-moolenaar,https://www.opensecrets.org/members-of-congress/moolenaar-john/summary?cid=N00036275&cycle=2024
N00041295,M001212,Barry,Moore,,barry-moore,https://www.opensecrets.org/members-of-congress/barry-moore/summary?cid=N00041295
N00046598,M001213,Blake,Moore,D.,blake-d-moore,https://www.opensecrets.org/members-of-congress/moore-blake/summary?cid=N00046598&cycle=2024
N00026914,M001160,Gwen,Moore,,gwen-moore,https://www.opensecrets.org/members-of-congress/gwen-moore/summary?cid=N00026914
N00051965,M001235,Riley,Moore,M.,,https://www.opensecrets.org/members-of-congress/summary?cid=N00051965
N00053948,M001236,Tim,Moore,,tim-moore,https://www.opensecrets.org/members-of-congress/tim-moore/summary?cid=N00053948&cycle=2024
N00005282,M000934,Jerry,Moran,,jerry-moran,https://www.opensecrets.org/members-of-congress/jerry-moran/summary?cid=N00005282
N00049775,M001224,Nathaniel,Moran,,nathaniel-moran,https://www.opensecrets.org/members-of-congress/nathaniel-moran/summary?cid=N00049775
N00043207,M001206,Joseph,Morelle,D.,,https://www.opensecrets.org/members-of-congress/summary?cid=N00043207
N00048437,M001242,Bernie,Moreno,,bernie-moreno,https://www.opensecrets.org/members-of-congress/bernie-moreno/summary?cid=N00048437
N00053930,M001234,Kelly,Morrison,,kelly-morrison,https://www.opensecrets.org/members-of-congress/kelly-louise-morrison/summary?cid=N00053930
N00050596,M001217,Jared,Moskowitz,,jared-moskowitz,https://www.opensecrets.org/members-of-congress/jared-moskowitz/summary?cid=N00050596
N00035431,M001196,Seth,Moulton,,seth-moulton,https://www.opensecrets.org/members-of-congress/seth-moulton/summary?cid=N00035431
N00050604,M001219,James,Moylan,C.,,https://www.opensecrets.org/members-of-congress/james-c-moylan/summary?cid=N00050604&cycle=2024
N00045905,M001214,Frank,Mrvan,J.,,https://www.opensecrets.org/members-of-congress/summary?cid=N00045905
N00049438,M001225,Kevin,Mullin,,kevin-mullin,https://www.opensecrets.org/members-of-congress/kevin-mullin/summary?cid=N00049438
N00033410,M001190,Markwayne,Mullin,,markwayne-mullin,https://www.opensecrets.org/members-of-congress/markwayne-mullin/summary?cid=N00033410
N00026050,M001153,Lisa,Murkowski,,lisa-murkowski,https://www.opensecrets.org/members-of-congress/lisa-murkowski/summary?cid=N00026050
N00027566,M001169,Christopher,Murphy,,christopher-murphy,https://www.opensecrets.org/members-of-congress/murphy-christopher-s/summary?cid=N00027566&cycle=2024
N00044027,M001210,Gregory,Murphy,F.,,https://www.opensecrets.org/members-of-congress/summary?cid=N00044027
N00007876,M001111,Patty,Murray,,patty-murray,https://www.opensecrets.org/members-of-congress/patty-murray/summary?cid=N00007876
N00000939,N000002,Jerrold,Nadler,,jerrold-nadler,https://www.opensecrets.org/members-of-congress/jerrold-nadler/summary?cid=N00000939
N00000153,N000015,Richard,Neal,E.,,https://www.opensecrets.org/members-of-congress/summary?cid=N00000153
N00041080,N000191,Joe,Neguse,,joe-neguse,https://www.opensecrets.org/members-of-congress/neguse-joseph/summary?cid=N00041080&cycle=2024
N00046067,N000026,Troy,Nehls,E.,troy-e-nehls,https://www.opensecrets.org/members-of-congress/nehls-troy/summary?cid=N00046067&cycle=2024
N00036403,N000189,Dan,Newhouse,,dan-newhouse,https://www.opensecrets.org/members-of-congress/dan-newhouse/summary?cid=N00036403
N00036154,N000188,Donald,Norcross,,donald-norcross,https://www.opensecrets.org/members-of-congress/norcross-don/summary?cid=N00036154&cycle=2024
N00027783,N000190,Ralph,Norman,,ralph-norman,https://www.opensecrets.org/members-of-congress/ralph-norman/summary?cid=N00027783
N00001692,N000147,Eleanor Holmes,Norton,,eleanor-holmes-norton,https://www.opensecrets.org/members-of-congress/eleanor-holmes-norton/summary?cid=N00001692
N00048870,N000193,Zachary,Nunn,,zachary-nunn,https://www.opensecrets.org/members-of-congress/summary?cid=N00048870
N00045377,O000019,Jay,Obernolte,,jay-obernolte,https://www.opensecrets.org/members-of-congress/jay-obernolte/summary?cid=N00045377
N00041162,O000172,Alexandria,Ocasio-Cortez,,alexandria-ocasio-cortez,https://www.opensecrets.org/members-of-congress/alexandria-ocasio-cortez/summary?cid=N00041162
N00050943,O000175,Andrew,Ogles,,andrew-ogles,https://www.opensecrets.org/members-of-congress/ogles-andy/summary?cid=N00050943&cycle=2024
N00054814,O000176,Johnny,Olszewski,,johnny-olszewski,https://www.opensecrets.org/members-of-congress/john-anthony-olszewski-jr/summary?cid=N00054814&cycle=2024
N00043581,O000173,Ilhan,Omar,,ilhan-omar,https://www.opensecrets.org/members-of-congress/ilhan-omar/summary?cid=N00043581
N00030025,O000177,Robert,Onder,F.,,https://www.opensecrets.org/members-of-congress/summary?cid=N00030025
N00040675,O000174,Jon,Ossoff,,jon-ossoff,https://www.opensecrets.org/members-of-congress/ossoff-jon/summary?cid=N00040675&cycle=2024
N00045812,O000086,Burgess,Owens,,burgess-owens,https://www.opensecrets.org/members-of-congress/burgess-owens/summary?cid=N00045812
N00047888,P000145,Alex,Padilla,,alex-padilla,https://www.opensecrets.org/members-of-congress/alex-padilla/summary?cid=N00047888
N00000781,P000034,Frank,Pallone,,frank-pallone,https://www.opensecrets.org/members-of-congress/pallone-frank-jr/summary?cid=N00000781&cycle=2024
N00035691,P000609,Gary,Palmer,J.,gary-j-palmer,https://www.opensecrets.org/members-of-congress/palmer-gary/summary?cid=N00035691&cycle=2024
N00038601,P000613,Jimmy,Panetta,,jimmy-panetta,https://www.opensecrets.org/members-of-congress/jimmy-panetta/summary?cid=N00038601
N00042161,P000614,Chris,Pappas,,chris-pappas,https://www.opensecrets.org/members-of-congress/chris-pappas/summary?cid=N00042161
,P000622,Jimmy,Patronis,,jimmy-patronis,
N00030836,P000603,Rand,Paul,,rand-paul,https://www.opensecrets.org/members-of-congress/rand-paul/summary?cid=N00030836
N00007360,P000197,Nancy,Pelosi,,nancy-pelosi,https://www.opensecrets.org/members-of-congress/nancy-pelosi/summary?cid=N00007360
N00050490,G000600,Marie Gluesenkamp,Perez,,marie-gluesenkamp-perez,https://www.opensecrets.org/members-of-congress/marie-gluesenkamp-perez/summary?cid=N00050490
N00034120,P000605,Scott,Perry,,scott-perry,https://www.opensecrets.org/members-of-congress/scott-perry/summary?cid=N00034120
N00029277,P000595,Gary,Peters,C.,,https://www.opensecrets.org/members-of-congress/summary?cid=N00029277
N00033591,P000608,Scott,Peters,H.,scott-h-peters,https://www.opensecrets.org/members-of-congress/peters-scott/summary?cid=N00033591&cycle=2024
N00040878,P000620,Brittany,Pettersen,,brittany-pettersen,https://www.opensecrets.org/members-of-congress/brittany-pettersen/summary?cid=N00040878
N00045421,P000048,August,Pfluger,,august-pfluger,https://www.opensecrets.org/members-of-congress/august-pfluger/summary?cid=N00045421
N00013817,P000597,Chellie,Pingree,,chellie-pingree,https://www.opensecrets.org/members-of-congress/chellie-pingree/summary?cid=N00013817
N00035000,P000610,Stacey,Plaskett,E.,stacey-e-plaskett,https://www.opensecrets.org/members-of-congress/plaskett-stacey/summary?cid=N00035000&cycle=2024
N00033549,P000607,Mark,Pocan,,mark-pocan,https://www.opensecrets.org/members-of-congress/mark-pocan/summary?cid=N00033549
,P000621,Nellie,Pou,,nellie-pou,https://www.opensecrets.org/officeholders/nellie-pou/summary?cycle=2017&id=6749723
N00042581,P000617,Ayanna,Pressley,,ayanna-pressley,https://www.opensecrets.org/members-of-congress/ayanna-pressley/summary?cid=N00042581
N00030581,Q000023,Mike,Quigley,,mike-quigley,https://www.opensecrets.org/members-of-congress/mike-quigley/summary?cid=N00030581
N00007635,R000600,Aumua Amata Coleman,Radewagen,,aumua-amata-coleman-radewagen,https://www.opensecrets.org/members-of-congress/radewagen-amata-coleman/summary?cid=N00007635&cycle=2024
N00049548,R000617,Delia,Ramirez,C.,delia-c-ramirez,https://www.opensecrets.org/members-of-congress/ramirez-delia/summary?cid=N00049548&cycle=2024
N00054078,R000621,Emily,Randall,,emily-randall,https://www.opensecrets.org/members-of-congress/emily-randall/summary?cid=N00054078
N00037036,R000606,Jamie,Raskin,,jamie-raskin,https://www.opensecrets.org/members-of-congress/jamie-raskin/summary?cid=N00037036
N00000362,R000122,Jack,Reed,,jack-reed,https://www.opensecrets.org/members-of-congress/reed-jack/summary?cid=N00000362&cycle=2024
N00041871,R000610,Guy,Reschenthaler,,guy-reschenthaler,https://www.opensecrets.org/members-of-congress/guy-reschenthaler/summary?cid=N00041871
N00027695,R000618,Pete,Ricketts,,pete-ricketts,https://www.opensecrets.org/members-of-congress/ricketts-pete/summary?cid=N00027695&cycle=2024
N00049916,R000622,Josh,Riley,,josh-riley,https://www.opensecrets.org/members-of-congress/josh-riley/summary?cid=N00049916
N00029441,R000584,James,Risch,E.,,https://www.opensecrets.org/members-of-congress/james-e-risch/summary?cid=N00029441&cycle=CAREER
N00054215,R000620,Luz,Rivas,M.,,https://www.opensecrets.org/members-of-congress/luz-rivas/summary?cid=N00054215&cycle=2024
N00003473,R000395,Harold,Rogers,,harold-rogers,https://www.opensecrets.org/members-of-congress/rogers-hal/summary?cid=N00003473&cycle=2024
N00024759,R000575,Mike,Rogers,D.,,https://www.opensecrets.org/members-of-congress/summary?cid=N00024759
N00041599,R000612,John,Rose,W.,john-w-rose,https://www.opensecrets.org/members-of-congress/rose-john/summary?cid=N00041599&cycle=2024
N00038734,R000608,Jacky,Rosen,,jacky-rosen,https://www.opensecrets.org/members-of-congress/rosen-jacky/summary?cid=N00038734&cycle=2024
N00038565,R000305,Deborah,Ross,K.,deborah-k-ross,https://www.opensecrets.org/members-of-congress/ross-deborah/summary?cid=N00038565&cycle=2024
N00035187,R000605,Mike,Rounds,,mike-rounds,https://www.opensecrets.org/members-of-congress/rounds-mike/summary?cid=N00035187&cycle=2024
N00033527,R000603,David,Rouzer,,david-rouzer,https://www.opensecrets.org/members-of-congress/david-rouzer/summary?cid=N00033527
N00042268,R000614,Chip,Roy,,chip-roy,https://www.opensecrets.org/members-of-congress/chip-roy/summary?cid=N00042268
N00030612,R000595,Marco,Rubio,,marco-rubio,https://www.opensecrets.org/members-of-congress/marco-rubio/summary?cid=N00030612
N00033510,R000599,Raul,Ruiz,,raul-ruiz,https://www.opensecrets.org/members-of-congress/raul-ruiz/summary?cid=N00033510
N00054190,R000619,Michael,Rulli,A.,,https://www.opensecrets.org/members-of-congress/summary?cid=N00054190
N00039777,R000609,John,Rutherford,H.,john-h-rutherford,https://www.opensecrets.org/members-of-congress/rutherford-john/summary?cid=N00039777&cycle=2024
N00041165,R000579,Patrick,Ryan,,patrick-ryan,https://www.opensecrets.org/members-of-congress/ryan-pat/summary?cid=N00041165&cycle=2024
N00042810,S000168,Maria Elvira,Salazar,,maria-elvira-salazar,https://www.opensecrets.org/members-of-congress/salazar-maria/summary?cid=N00042810&cycle=2024
N00049738,S001226,Andrea,Salinas,,andrea-salinas,https://www.opensecrets.org/members-of-congress/andrea-salinas/summary?cid=N00049738
N00024870,S001156,Linda,Sánchez,T.,linda-t-sanchez,https://www.opensecrets.org/members-of-congress/sanchez-linda/summary?cid=N00024870&cycle=2024
N00000528,S000033,Bernard,Sanders,,bernard-sanders,https://www.opensecrets.org/members-of-congress/sanders-bernie/summary?cid=N00000528&cycle=2024
N00009660,S001176,Steve,Scalise,,steve-scalise,https://www.opensecrets.org/members-of-congress/steve-scalise/summary?cid=N00009660
N00042706,S001205,Mary Gay,Scanlon,,mary-gay-scanlon,https://www.opensecrets.org/members-of-congress/mary-gay-scanlon/summary?cid=N00042706
N00004724,S001145,Janice,Schakowsky,D.,,https://www.opensecrets.org/members-of-congress/summary?cid=N00004724
N00028138,S001194,Brian,Schatz,,brian-schatz,https://www.opensecrets.org/members-of-congress/brian-schatz/summary?cid=N00028138
N00009585,S001150,Adam,Schiff,B.,adam-b-schiff,https://www.opensecrets.org/members-of-congress/schiff-adam/summary?cid=N00009585&cycle=2024
N00055179,S001228,Derek,Schmidt,,derek-schmidt,https://www.opensecrets.org/members-of-congress/derek-schmidt/summary?cid=N00055179&cycle=2024
N00048414,S001227,Eric,Schmitt,,eric-schmitt,https://www.opensecrets.org/members-of-congress/eric-schmitt/summary?cid=N00048414
N00033101,S001190,Bradley Scott,Schneider,,bradley-scott-schneider,https://www.opensecrets.org/members-of-congress/schneider-brad/summary?cid=N00033101&cycle=2024
N00044885,S001221,Hillary,Scholten,J.,hillary-j-scholten,https://www.opensecrets.org/members-of-congress/scholten-hillary/summary?cid=N00044885&cycle=2024
N00041606,S001216,Kim,Schrier,,kim-schrier,https://www.opensecrets.org/members-of-congress/kim-schrier/summary?cid=N00041606
N00001093,S000148,Charles,Schumer,E.,,https://www.opensecrets.org/members-of-congress/summary?cid=N00001093
N00006460,S001183,David,Schweikert,,david-schweikert,https://www.opensecrets.org/members-of-congress/david-schweikert/summary?cid=N00006460
N00032457,S001189,Austin,Scott,,austin-scott,https://www.opensecrets.org/members-of-congress/austin-scott/summary?cid=N00032457
N00024871,S001157,David,Scott,,david-scott,https://www.opensecrets.org/members-of-congress/david-scott/summary?cid=N00024871
N00043290,S001217,Rick,Scott,,rick-scott,https://www.opensecrets.org/members-of-congress/scott-rick/summary?cid=N00043290&cycle=2024
N00002147,S000185,Robert,Scott,C.,,https://www.opensecrets.org/members-of-congress/summary?cid=N00002147
N00031782,S001184,Tim,Scott,,tim-scott,https://www.opensecrets.org/members-of-congress/tim-scott/summary?cid=N00031782
N00049337,S001224,Keith,Self,,keith-self,https://www.opensecrets.org/members-of-congress/keith-self/summary?cid=N00049337
N00005681,S000250,Pete,Sessions,,pete-sessions,https://www.opensecrets.org/members-of-congress/pete-sessions/summary?cid=N00005681
N00030622,S001185,Terri,Sewell,A.,terri-a-sewell,https://www.opensecrets.org/members-of-congress/sewell-terri/summary?cid=N00030622&cycle=2024
N00024790,S001181,Jeanne,Shaheen,,jeanne-shaheen,https://www.opensecrets.org/members-of-congress/shaheen-jeanne/summary?cid=N00024790&cycle=2024
N00053174,S001232,Tim,Sheehy,Patrick,tim-sheehy,https://www.opensecrets.org/members-of-congress/tim-sheehy/summary?cid=N00053174
N00006897,S000344,Brad,Sherman,,brad-sherman,https://www.opensecrets.org/members-of-congress/brad-sherman/summary?cid=N00006897
N00041154,S001207,Mikie,Sherrill,,mikie-sherrill,https://www.opensecrets.org/members-of-congress/mikie-sherrill/summary?cid=N00041154
N00054651,S001229,Jefferson,Shreve,,jefferson-shreve,https://www.opensecrets.org/members-of-congress/summary?cid=N00054651&cycle=2024
N00052195,S001231,Lateefah,Simon,,lateefah-simon,https://www.opensecrets.org/members-of-congress/lateefah-simon/summary?cid=N00052195&cycle=2024
N00006263,S001148,Michael,Simpson,K.,,https://www.opensecrets.org/members-of-congress/summary?cid=N00006263
N00041357,S001208,Elissa,Slotkin,,elissa-slotkin,https://www.opensecrets.org/members-of-congress/elissa-slotkin/summary?cid=N00041357
N00007833,S000510,Adam,Smith,,adam-smith,https://www.opensecrets.org/members-of-congress/adam-smith/summary?cid=N00007833
N00027623,S001172,Adrian,Smith,,adrian-smith,https://www.opensecrets.org/members-of-congress/adrian-smith/summary?cid=N00027623
N00009816,S000522,Christopher,Smith,H.,,https://www.opensecrets.org/members-of-congress/summary?cid=N00009816
N00035282,S001195,Jason,Smith,,jason-smith,https://www.opensecrets.org/members-of-congress/jason-smith/summary?cid=N00035282
N00042353,S001203,Tina,Smith,,tina-smith,https://www.opensecrets.org/members-of-congress/smith-tina/summary?cid=N00042353&cycle=2024
N00038781,S001199,Lloyd,Smucker,,lloyd-smucker,https://www.opensecrets.org/members-of-congress/lloyd-smucker/summary?cid=N00038781
N00049558,S001225,Eric,Sorensen,,eric-sorensen,https://www.opensecrets.org/members-of-congress/eric-sorensen/summary?cid=N00049558
N00037422,S001200,Darren,Soto,,darren-soto,https://www.opensecrets.org/members-of-congress/darren-soto/summary?cid=N00037422
N00046537,S000929,Victoria,Spartz,,victoria-spartz,https://www.opensecrets.org/members-of-congress/victoria-spartz/summary?cid=N00046537
N00047871,S001218,Melanie,Stansbury,A.,melanie-a-stansbury,https://www.opensecrets.org/members-of-congress/stansbury-melanie/summary?cid=N00047871&cycle=2024
N00041750,S001211,Greg,Stanton,,greg-stanton,https://www.opensecrets.org/members-of-congress/greg-stanton/summary?cid=N00041750
N00041511,S001212,Pete,Stauber,,pete-stauber,https://www.opensecrets.org/members-of-congress/pete-stauber/summary?cid=N00041511
N00035523,S001196,Elise,Stefanik,M.,elise-m-stefanik,https://www.opensecrets.org/members-of-congress/stefanik-elise/summary?cid=N00035523&cycle=2024
N00043379,S001213,Bryan,Steil,,bryan-steil,https://www.opensecrets.org/members-of-congress/bryan-steil/summary?cid=N00043379
N00042808,S001214,W. Gregory,Steube,Gregory,w-gregory-steube,https://www.opensecrets.org/members-of-congress/steube-greg/summary?cid=N00042808&cycle=2024
N00040915,S001215,Haley,Stevens,M.,haley-m-stevens,https://www.opensecrets.org/members-of-congress/stevens-haley/summary?cid=N00040915&cycle=2024
N00046320,S001159,Marilyn,Strickland,,marilyn-strickland,https://www.opensecrets.org/members-of-congress/marilyn-strickland/summary?cid=N00046320
N00048145,S001220,Dale,Strong,W.,dale-w-strong,https://www.opensecrets.org/members-of-congress/strong-dale/summary?cid=N00048145&cycle=2024
N00030891,S001188,Marlin,Stutzman,A.,,https://www.opensecrets.org/members-of-congress/summary?cid=N00030891
N00054085,S001230,Suhas,Subramanyam,,suhas-subramanyam,https://www.opensecrets.org/members-of-congress/suhas-subramanyam/summary?cid=N00054085&cycle=2024
N00051393,S001198,Dan,Sullivan,,dan-sullivan,https://www.opensecrets.org/members-of-congress/dan-sullivan/summary?cid=N00035774
N00038742,S001201,Thomas,Suozzi,R.,,https://www.opensecrets.org/members-of-congress/summary?cid=N00038742
N00033508,S001193,Eric,Swalwell,,eric-swalwell,https://www.opensecrets.org/members-of-congress/eric-swalwell/summary?cid=N00033508
N00050165,S001223,Emilia Strong,Sykes,,emilia-strong-sykes,https://www.opensecrets.org/members-of-congress/sykes-emilia/summary?cid=N00050165&cycle=2024
N00006701,T000472,Mark,Takano,,mark-takano,https://www.opensecrets.org/members-of-congress/mark-takano/summary?cid=N00006701
N00054098,T000490,David,Taylor,J.,,https://www.opensecrets.org/members-of-congress/summary?cid=N00054098&cycle=2024
N00036351,T000478,Claudia,Tenney,,claudia-tenney,https://www.opensecrets.org/members-of-congress/claudia-tenney/summary?cid=N00036351
N00049602,T000488,Shri,Thanedar,,shri-thanedar,https://www.opensecrets.org/members-of-congress/shri-thanedar/summary?cid=N00049602
N00003288,T000193,Bennie,Thompson,G.,,https://www.opensecrets.org/members-of-congress/summary?cid=N00003288
N00029736,T000467,Glenn,Thompson,,glenn-thompson,https://www.opensecrets.org/members-of-congress/glenn-thompson/summary?cid=N00029736
N00007419,T000460,Mike,Thompson,,mike-thompson,https://www.opensecrets.org/members-of-congress/mike-thompson/summary?cid=N00007419
N00004572,T000250,John,Thune,,john-thune,https://www.opensecrets.org/members-of-congress/john-thune/summary?cid=N00004572
N00045307,T000165,Thomas,Tiffany,P.,,https://www.opensecrets.org/members-of-congress/summary?cid=N00045307
N00035492,T000476,Thomas,Tillis,,thomas-tillis,https://www.opensecrets.org/members-of-congress/tillis-thom/summary?cid=N00035492&cycle=2024
N00042715,T000480,William,Timmons,R.,william-r-timmons,https://www.opensecrets.org/members-of-congress/timmons-william/summary?cid=N00042715&cycle=2024
N00030191,T000468,Dina,Titus,,dina-titus,https://www.opensecrets.org/members-of-congress/dina-titus/summary?cid=N00030191
N00042649,T000481,Rashida,Tlaib,,rashida-tlaib,https://www.opensecrets.org/members-of-congress/rashida-tlaib/summary?cid=N00042649
N00051049,T000487,Jill,Tokuda,N.,jill-n-tokuda,https://www.opensecrets.org/members-of-congress/tokuda-jill/summary?cid=N00051049&cycle=2024
N00030196,T000469,Paul,Tonko,,paul-tonko,https://www.opensecrets.org/members-of-congress/paul-tonko/summary?cid=N00030196
N00036107,T000474,Norma,Torres,J.,norma-j-torres,https://www.opensecrets.org/members-of-congress/torres-norma/summary?cid=N00036107&cycle=2024
N00044346,T000486,Ritchie,Torres,,ritchie-torres,https://www.opensecrets.org/members-of-congress/ritchie-torres/summary?cid=N00044346
N00041808,T000482,Lori,Trahan,,lori-trahan,https://www.opensecrets.org/members-of-congress/lori-trahan/summary?cid=N00041808
N00033640,T000491,Derek,Tran,,derek-tran,https://www.opensecrets.org/members-of-congress/summary?cid=N00053582
N00044434,T000278,Tommy,Tuberville,,tommy-tuberville,https://www.opensecrets.org/members-of-congress/tuberville-tommy/summary?cid=N00044434&cycle=2024
N00025175,T000463,Michael,Turner,R.,,https://www.opensecrets.org/members-of-congress/summary?cid=N00025175
,T000489,Sylvester,Turner,,sylvester-turner,
N00041569,U000040,Lauren,Underwood,,lauren-underwood,https://www.opensecrets.org/members-of-congress/underwood-lauren-a/summary?cid=N00041569&cycle=2024
N00033367,V000129,David,Valadao,G.,david-g-valadao,https://www.opensecrets.org/members-of-congress/valadao-david/summary?cid=N00033367&cycle=2024
N00042164,V000133,Jefferson,Van Drew,,jefferson-van-drew,https://www.opensecrets.org/members-of-congress/van-drew-jeff/summary?cid=N00042164&cycle=2024
N00045167,V000134,Beth,Van Duyne,,beth-van-duyne,https://www.opensecrets.org/members-of-congress/beth-van-duyne/summary?cid=N00045167
N00013820,V000128,Chris,Van Hollen,,chris-van-hollen,https://www.opensecrets.org/members-of-congress/chris-van-hollen/summary?cid=N00013820
N00046843,V000135,Derrick,Van Orden,,derrick-van-orden,https://www.opensecrets.org/members-of-congress/derrick-van-orden/summary?cid=N00046843
N00007021,V000130,Juan,Vargas,,juan-vargas,https://www.opensecrets.org/members-of-congress/juan-vargas/summary?cid=N00007021
N00049142,V000136,Gabe,Vasquez,,gabe-vasquez,https://www.opensecrets.org/members-of-congress/gabe-vasquez/summary?cid=N00049142
N00033839,V000131,Marc,Veasey,A.,marc-a-veasey,https://www.opensecrets.org/members-of-congress/veasey-marc/summary?cid=N00033839&cycle=2024
N00001102,V000081,Nydia,Velázquez,M.,nydia-m-velzquez,https://www.opensecrets.org/members-of-congress/velazquez-nydia/summary?cid=N00001102&cycle=2024
N00054112,V000138,Eugene Simon,Vindman,,eugene-simon-vindman,https://www.opensecrets.org/members-of-congress/yevgeny-eugene-vindman/summary?cid=N00054112
N00033106,W000812,Ann,Wagner,,ann-wagner,https://www.opensecrets.org/members-of-congress/ann-wagner/summary?cid=N00033106
N00026368,W000798,Tim,Walberg,,tim-walberg,https://www.opensecrets.org/members-of-congress/tim-walberg/summary?cid=N00026368
N00042403,W000823,Michael,Waltz,,michael-waltz,https://www.opensecrets.org/members-of-congress/michael-waltz/summary?cid=N00042403
N00002097,W000805,Mark,Warner,R.,,https://www.opensecrets.org/members-of-congress/summary?cid=N00002097
N00046489,W000790,Raphael,Warnock,G.,raphael-g-warnock,https://www.opensecrets.org/members-of-congress/warnock-raphael/summary?cid=N00046489&cycle=2024
N00033492,W000817,Elizabeth,Warren,,elizabeth-warren,https://www.opensecrets.org/members-of-congress/warren-elizabeth/summary?cid=N00033492&cycle=2024
N00026106,W000797,Debbie,Wasserman Schultz,,debbie-wasserman-schultz,https://www.opensecrets.org/members-of-congress/debbie-wasserman-schultz/summary?cid=N00026106
N00006690,W000187,Maxine,Waters,,maxine-waters,https://www.opensecrets.org/members-of-congress/maxine-waters/summary?cid=N00006690
N00036158,W000822,Bonnie,Watson Coleman,,bonnie-watson-coleman,https://www.opensecrets.org/members-of-congress/bonnie-watson-coleman/summary?cid=N00036158
N00033539,W000814,Randy,Weber,,,https://www.opensecrets.org/members-of-congress/summary?cid=N00033539
N00026335,W000806,Daniel,Webster,,daniel-webster,https://www.opensecrets.org/members-of-congress/daniel-webster/summary?cid=N00026335
N00000515,W000800,Peter,Welch,,peter-welch,https://www.opensecrets.org/members-of-congress/peter-welch/summary?cid=N00000515
N00035527,W000821,Bruce,Westerman,,bruce-westerman,https://www.opensecrets.org/members-of-congress/bruce-westerman/summary?cid=N00035527
N00027533,W000802,Sheldon,Whitehouse,,sheldon-whitehouse,https://www.opensecrets.org/members-of-congress/whitehouse-sheldon/summary?cid=N00027533&cycle=2024
N00036018,W000830,George,Whitesides,T.,george-whitesides,https://www.opensecrets.org/members-of-congress/summary?cid=N00052205
N00003280,W000437,Roger,Wicker,F.,,https://www.opensecrets.org/members-of-congress/summary?cid=N00003280
N00055013,W000829,Tony,Wied,,tony-wied,https://www.opensecrets.org/members-of-congress/tony-wied/summary?cid=N00055013&cycle=2024
N00047361,W000788,Nikema,Williams,,nikema-williams,https://www.opensecrets.org/members-of-congress/williams-nikema-natassha/summary?cid=N00047361&cycle=2024
N00030602,W000816,Roger,Williams,,roger-williams,https://www.opensecrets.org/members-of-congress/roger-williams/summary?cid=N00030602
N00030650,W000808,Frederica,Wilson,S.,frederica-s-wilson,https://www.opensecrets.org/members-of-congress/wilson-frederica/summary?cid=N00030650&cycle=2024
N00024809,W000795,Joe,Wilson,,joe-wilson,https://www.opensecrets.org/members-of-congress/joe-wilson/summary?cid=N00024809
N00029459,W000804,Robert,Wittman,J.,,https://www.opensecrets.org/members-of-congress/summary?cid=N00029459
N00031857,W000809,Steve,Womack,,steve-womack,https://www.opensecrets.org/members-of-congress/steve-womack/summary?cid=N00031857
N00007724,W000779,Ron,Wyden,,ron-wyden,https://www.opensecrets.org/members-of-congress/ron-wyden/summary?cid=N00007724
N00051733,Y000067,Rudy,Yakym,,rudy-yakym,https://www.opensecrets.org/members-of-congress/rudy-yakym/summary?cid=N00051733
N00030670,Y000064,Todd,Young,,todd-young,https://www.opensecrets.org/members-of-congress/todd-young/summary?cid=N00030670
N00035616,Z000018,Ryan,Zinke,K.,ryan-k-zinke,https://www.opensecrets.org/members-of-congress/zinke-ryan/summary?cid=N00035616&cycle=2024
,B000444,Joe,Biden,,,
,,Robert,Kennedy,F.,,
,,Donald,Trump,John,,
N00048832,V000137,JD,Vance,,j-d-vance,https://www.opensecrets.org/members-of-congress/vance-j-d/summary?cid=N00048832&cycle=2024
,H001075,Kamala,Harris,,,
,W000831,James,Walkinshaw,Robert,,
